angleOFelbow_left,angleOFelbow_right,angleOFshoulder_left,angleOFshoulder_right,label
55.93878271032659,148.9038133124895,31.76858345540435,73.31128264372009,incorrect
139.41707579998604,142.19268134812134,53.9140931449663,163.42565275496395,incorrect
62.422034740938365,163.2136240840843,110.26414557165337,140.6591377259282,incorrect
145.17040979804733,82.49042464707196,161.80767456554352,60.90791460886588,incorrect
132.80847088692371,170.89953841920632,65.18759516559331,129.86700790140478,incorrect
130.43622655813675,118.7033440086237,92.87732268618387,69.74071026022015,incorrect
139.95479055338666,166.7123519370568,152.13322110860938,177.45018164359624,incorrect
63.224285095668336,74.24901840652892,160.10863688620708,67.16948193515304,incorrect
34.456276914480945,55.162507056952215,88.71650938590363,156.4372734121476,incorrect
39.926186185451215,148.45985223971763,37.566179021672596,105.99870215287034,incorrect
115.54050261073897,101.90129828094621,99.97102955730162,65.29144414666749,incorrect
64.31057970108526,135.76032197078536,103.18064931547457,53.98828170358733,incorrect
64.10545778223506,104.19524716682498,48.27333548184046,111.9347776244764,incorrect
45.84409902196374,100.99059285484128,64.61824078137607,140.03778567225487,incorrect
170.46809456788876,43.91123003405386,98.76360272156106,147.57791833099162,incorrect
60.04263167258459,94.66322214741315,32.75350575257567,111.33556681197963,correct
91.1954137750403,68.06972758474939,63.941215293733606,112.28971071270246,correct
97.32459544745427,73.33632991108789,107.69298911726817,103.57734834069414,correct
71.24094221597716,71.7065141877282,60.01160939606687,150.07511387920317,incorrect
126.29144701998086,52.4538692356322,164.72715118836683,178.43346686500308,incorrect
52.30084887313849,178.11785040238078,94.55495303436484,141.65863030859936,incorrect
164.56638566471432,139.2780325192235,84.49583560407277,77.86706532379239,incorrect
54.13824482066152,74.71288842739125,79.98081978128502,103.51519190619541,correct
97.18933227285027,39.03396284731407,159.9005515641325,90.88828443528045,incorrect
115.248303993968,148.9958535018051,142.97895509000065,90.92408593624458,incorrect
73.23615262066494,92.52248730527864,150.86417139953227,161.43536462172355,incorrect
101.62288987673904,94.24320108771651,113.73018098947763,68.26954178318263,incorrect
126.62630075558266,162.49991907048746,156.91954698610942,113.2362779089757,incorrect
124.36098906686583,176.5019976878387,132.7025071130164,146.50957589322414,incorrect
84.1583748135936,68.8491609275714,149.596687946366,45.83947890593922,incorrect
102.86284509667091,80.29375464116887,98.14169796005226,139.2504917164321,incorrect
153.99263385900161,63.2856523470558,101.95894056492158,111.04475390823202,incorrect
144.3053170583769,66.92657803351804,148.09922959692778,174.69554114652405,incorrect
117.60060538963404,111.17485809509039,94.77977906378521,120.3081596757636,incorrect
51.48928742834573,102.27677471806467,44.80698999647386,38.63123689197013,incorrect
63.31912755941728,82.54134852081935,161.7690978964019,69.10142854854435,incorrect
92.0493096599901,79.04365230415513,135.45671239108682,175.90164537673172,incorrect
145.28303911878047,44.00681715732375,92.2726424119619,88.76819820649283,incorrect
38.307312766918876,48.59636433909151,48.850674412917485,114.41807860572544,correct
126.28176604318128,96.38935699713052,109.20568656620951,59.680388895832195,incorrect
59.3347330575979,132.57676728746094,173.5584062658447,130.33079360207,incorrect
84.5578596947255,87.12364666598911,69.3446277604814,117.0698643282916,correct
65.27576598389031,153.0665103313365,53.553975765846914,30.42242129029773,incorrect
118.29407686252054,171.75874814235718,137.82191564055637,138.62506561329144,incorrect
85.23047712817919,42.093617797272955,142.07274633498415,69.79829771268557,incorrect
108.03816881771006,53.258533802660594,54.47020220697953,177.38795971346883,incorrect
119.88687542086869,30.76840798368081,78.33016493862134,172.82830338714763,incorrect
75.09409975667154,111.86487001924502,109.55103687579538,155.21883713154233,incorrect
161.5502858050612,123.6089919806481,142.40792770207565,35.83268692825618,incorrect
39.77928710389334,35.247519865768155,60.913520204843095,121.03544153909759,correct
166.35120879488494,105.13064962162638,157.86634546356078,114.93335188596693,incorrect
40.685190309385206,107.79134260242978,68.05548526422358,169.4433089196401,incorrect
48.779494909794025,152.60377729588936,116.91615685436668,151.35092496831948,incorrect
76.67848009056269,177.8100099071238,164.73113966860464,69.54857181684395,incorrect
134.32989866078276,150.24204437949743,129.10211538970242,37.091907866144936,incorrect
50.53053622737697,86.02214911019212,40.00083430820209,93.34077516560407,correct
129.31103859060357,167.21310670696138,154.51684026072166,115.55209915492497,incorrect
33.49824445888792,58.553253734676375,107.13477628070476,61.76325727647895,correct
171.34887942233732,165.32197881630012,42.711596040302354,93.86256502590027,incorrect
52.95247656085232,176.6555731730255,126.5376657625115,60.951749850682425,incorrect
135.19917934910012,126.34721706079559,63.03540769896461,91.32455258970882,incorrect
115.11127156095563,75.20427343887363,90.74430335428384,93.71121327413066,incorrect
177.88911322415015,52.86929005766879,55.7692582501403,137.3217504052979,incorrect
92.93440109124495,40.543305012481895,114.79398871760503,139.9280615682295,correct
69.74854966418272,47.211260703951766,140.47803738462943,124.19739917340907,incorrect
71.21800840600258,94.7689359862644,62.683490286148334,92.82560416082805,correct
45.161199102132684,61.29205972098893,119.39485418553014,113.02882969319438,correct
116.17675631925094,120.75736072703863,126.00007883397447,118.15063939845153,incorrect
85.86932476782835,164.6620856497849,106.30691304929594,57.60174528617247,incorrect
150.40263068413623,44.74977403391601,151.47724204760715,81.79808924443628,incorrect
73.1046963264308,175.11468812839925,51.38557465307518,167.16965859465486,incorrect
131.86096767043574,113.17905328034293,61.3045133129655,156.0806767134465,incorrect
93.0626724265172,68.1686630166007,160.69598669560702,85.03724605786252,incorrect
100.94767981213761,177.28744716749463,108.53813110314918,146.3628025288014,incorrect
128.09786088639487,151.60724025412355,126.91848667078429,121.76997405014004,incorrect
79.14883449295218,41.912260309732055,64.22546824913792,37.63312320768388,correct
174.56884442295754,115.71222833569881,101.20066780238966,76.94897396172391,incorrect
65.08070399654963,72.98132810927196,158.17558844424684,32.565550378940074,incorrect
81.42094952759247,157.2238154303622,146.13450026199826,110.50490447888882,incorrect
176.4874660858698,162.4773313139102,70.0624784491184,55.615483197511026,incorrect
123.2393368365235,126.71952097173165,156.5374168287423,52.20570522229234,incorrect
123.45332570545482,110.37776259578078,80.45976907314483,119.96509449734576,incorrect
143.09463572819328,71.76792833577277,162.01906467778167,62.608844520928734,incorrect
127.25306506797475,107.6098434289311,86.03434553540669,178.98175069692854,incorrect
133.75945616798884,111.339429070282,57.35480592732785,145.67388622571158,incorrect
118.16451872223227,179.220345805747,139.55641498370375,127.40347182648776,incorrect
178.420885399785,161.48295402801057,72.11374805943444,123.85851155296118,incorrect
117.8808180048942,52.98009014513288,113.3374738357395,162.79201932794498,incorrect
149.8219905311101,127.59527050794642,165.90689404922477,158.47682911667962,incorrect
44.00326402819559,97.25348513275306,159.5093337248992,48.519786497405754,incorrect
131.916245964169,168.1018396649809,112.30143347151697,174.7908668597819,incorrect
163.74859699604062,140.87969745722074,120.3671953212022,32.1323201150664,incorrect
43.15125458019322,164.2945871606042,162.1622442004101,140.45407578858826,incorrect
93.26326676146391,99.60996234728627,43.01417557066833,74.90681391200057,correct
50.87916627652001,41.160287274206595,64.79007608509201,45.144988492910464,correct
149.71057188360498,50.83165752414912,109.31789737538054,61.08754190187696,incorrect
143.03962625150098,135.74275250300843,89.88212261474015,147.7681998514891,incorrect
111.99902777748514,59.48525317201575,97.51946676147442,53.81979098619958,incorrect
81.01063480485615,130.8906139229964,95.57528348413173,84.02123558277337,incorrect
170.77696133247213,176.25081880249678,118.12862072542859,38.249685094512536,incorrect
77.07492738479604,96.1335034932091,148.66612564277943,70.15319293203615,incorrect
90.73266498007297,155.35493582628027,131.0272767110851,156.78383035977905,incorrect
102.85178546790266,167.96527526532643,167.26344486290606,106.53018662852438,incorrect
78.87549526583216,48.534634118456346,133.5775923903778,133.875542494314,correct
86.02218318150628,92.03636062324367,66.66318270322122,49.95543687088187,correct
106.29655241172598,170.49490244904086,61.67396014733996,135.7516847030182,incorrect
150.88148665798627,110.27653284539315,92.17222304377484,132.3863946037461,incorrect
120.93466472343663,93.80491489723707,127.07671076144351,101.83170812489942,incorrect
63.95804105709898,117.34457919515256,71.22268917757964,37.68433616795509,incorrect
146.5956794911532,43.71479069192129,127.1858786251467,34.18688136104874,incorrect
56.89386978792406,76.1050989642702,133.03747178656567,134.95842777197365,correct
36.34104590417115,129.78410233333182,118.24986188305044,163.8793666870089,incorrect
133.88615514391003,63.64575388859073,48.44190764417589,130.36223050570266,incorrect
45.00743432199312,62.86731804444792,111.46156067787305,107.68023669647542,correct
84.94295889271217,164.4876697791515,82.5886006274139,72.52095434769038,incorrect
58.738481821439095,36.573447233234674,31.251366662777926,57.45157232513886,correct
171.85761681670502,64.26227633917944,134.1686937123818,97.62990251307119,incorrect
145.74224116633434,61.804579876807324,68.69362978136161,98.54098076912463,incorrect
156.4015208016577,99.64870692104405,114.45179834021603,49.876748768776,incorrect
171.36195152969592,41.28488875789721,55.44898347492345,166.92079441166462,incorrect
167.37488298023047,58.15754848933946,157.72753135528254,57.52364950971513,incorrect
147.5312115072725,170.0938200537106,87.24942855916076,141.31746509719963,incorrect
38.96824203230997,94.0165217696706,162.80930276234784,73.38238823743038,incorrect
141.5273398044348,92.11757155030297,107.43837620022673,60.73443582227551,incorrect
51.76364663271927,34.04186312107912,113.20278379182234,175.1046224409131,incorrect
147.28708237465162,150.55209188310667,137.35847808398248,158.96215750729476,incorrect
97.55792113664374,63.18661577513025,103.19821052990926,41.82358808845948,correct
44.263997469412914,104.92657076288057,164.200506184693,93.75361803098522,incorrect
155.15193740609823,157.2036363848263,94.13038805902619,116.30777797399823,incorrect
166.09876679656517,44.96578648331264,89.23824276154869,73.83423525489172,incorrect
68.18445777799678,139.2541461373323,110.1805800373291,74.5062584814237,incorrect
35.92697411189283,83.98433195638981,150.444461155946,65.09650695079267,incorrect
129.86301980368557,62.59425465262882,78.8416565393007,178.13288130304778,incorrect
68.9235199648427,107.17891208783533,73.27667970870674,46.36647614280347,incorrect
49.27045780868889,165.78076060006694,119.81165403251796,129.32265673716353,incorrect
153.38010452980495,142.87545519405842,35.893011436927594,128.0543103726103,incorrect
122.4577573609624,44.14247040952234,75.65079528150137,125.30226263137779,incorrect
131.51413896731663,172.93285849167594,105.8202155013269,44.48983806614751,incorrect
85.04813038320124,44.66829544850515,145.82110213873156,39.35647307133017,incorrect
118.95482477702129,178.865869015326,136.4924110816755,45.98187959605532,incorrect
51.997924848787044,57.969782863286824,42.55564456497878,61.11942246751152,correct
166.50145394929316,112.66979874423367,59.024060157105396,89.1918369842291,incorrect
167.2501609447412,45.511745078839155,137.67774150788253,165.3424406799784,incorrect
46.29439284196228,148.03756813459017,66.61497559126309,171.8343929170955,incorrect
151.33367682479704,161.3443141933735,64.22413616505088,158.89832509876786,incorrect
112.27802083321653,77.24219752020936,70.93004174741569,176.32647811225527,incorrect
173.02335341528007,173.05467784341755,95.29715956606091,133.78099410285208,incorrect
68.09849375356168,52.229778043088686,138.05017228665133,154.00785595858184,incorrect
101.19993457398392,142.74477943516132,87.08213297900349,55.433587201086425,incorrect
76.64640270604525,170.15621068811708,63.45876027574268,66.49555939298904,incorrect
49.435271146465325,142.93803432098164,71.51187241690604,73.88753531584933,incorrect
71.90679665548043,161.64358125429126,76.928851132962,146.19090402899224,incorrect
143.62006162400007,44.37610662614417,159.33269632653776,98.11405839513142,incorrect
74.08147747643817,52.87715357592607,51.18424406917899,59.3392517504045,correct
31.017053953608215,51.6548309866283,73.26989807427844,172.67887598956574,incorrect
55.09042241422983,54.53661321166936,166.6430609596763,102.92960769978352,incorrect
42.66163392872211,108.77603575734796,106.72651747914091,32.09292807880349,incorrect
132.87321430254772,166.57332296410198,93.9115244579479,117.95463196308161,incorrect
175.51995088066545,162.62545442929408,154.30589697769068,72.2436575658119,incorrect
32.50817856065002,70.3170313093248,140.97000279581056,35.17681006044927,incorrect
179.34386762419504,49.432639134200784,48.30419204261496,38.9632607819048,incorrect
81.38582431199319,89.43020073948375,140.82759232651,78.45223579323192,incorrect
83.53771349143099,126.22092538162764,68.65030439624648,30.016428448888007,incorrect
85.30297379932472,41.886952961471735,101.48638831496955,173.729633328652,incorrect
166.70421890977994,49.558966375021114,36.56642657906044,159.94722287505905,incorrect
92.70440947673035,53.71602370765926,168.0469965921116,107.07022346151567,incorrect
77.96109062722348,151.15840883282655,115.03754785622058,55.21413360241398,incorrect
41.446382077628016,91.78195773319891,86.0187015704081,78.15080335497086,correct
169.3509631540825,155.498183567239,51.8136360757977,159.22400068773908,incorrect
89.41717067962341,53.56033342870806,142.17301264754445,131.12934323047284,incorrect
100.95798043840824,94.09497747998215,73.72688275982674,176.4072357146855,incorrect
79.37558342471024,134.4104035219229,65.67505168742014,175.6040594027923,incorrect
163.2403530039685,130.26402061746657,75.39717763267728,39.535757062662896,incorrect
75.46618355883204,65.31371223169862,126.21604283546019,43.66785143546053,correct
152.93817279645796,176.35621747698318,134.98251434447027,127.96776483384018,incorrect
145.05740456698732,172.8065202545901,106.58275597631187,139.34630617801315,incorrect
120.75729950758955,123.0335366382425,90.01030004243907,50.71722284821503,incorrect
152.52801195764135,68.9049890547339,47.98503034248854,47.981531895447546,incorrect
145.5569162604125,39.67986507130255,162.73006580126395,39.6633014327249,incorrect
83.28898700083775,49.70568007308401,44.35109506121451,115.46276078235508,correct
61.60735955552788,81.56549010367786,164.18453552534342,161.31559556529183,incorrect
71.54798568315323,129.0291285577827,137.31909269680017,135.63927752762405,incorrect
140.30025434330275,128.28331673774696,161.68931681283468,99.26907177777576,incorrect
84.82933786051149,121.13921604476104,38.024053280109,32.26706405289189,incorrect
78.30985840345865,30.421815231668,49.13050288232029,104.40797468402715,correct
79.98187429177665,55.37565013699739,123.90841282665131,73.20927686231215,correct
42.72050011452424,167.86636818738594,110.8734326512749,174.42911820231654,incorrect
42.31072773341099,137.27061325024073,39.09609761887542,140.18677838139143,incorrect
100.31912016588662,118.02668253615157,137.04771806372236,32.6076584861658,incorrect
109.98578674836233,87.81816721636874,145.22795509729258,150.31974370081883,incorrect
162.8932834977347,134.0009937862684,67.860336318067,160.66645758853494,incorrect
126.54791889084672,87.05394328914232,93.00879679357621,147.77425015085396,incorrect
91.02354632743548,86.65663202765205,33.58230381356624,127.41857658209047,correct
94.37716713407298,46.60797379280166,165.5185702209983,130.86994031914892,incorrect
60.68684630056468,155.10862999836957,142.01638398083355,60.46868034103907,incorrect
179.16994293195864,53.50169466953909,101.15071322792633,105.48898404409746,incorrect
30.85327130111598,152.55618232568423,94.01008766740769,40.2922146356122,incorrect
90.05095635270916,179.3909488981991,49.66136330078474,63.15050056726968,incorrect
103.15895721501877,149.78825947608289,149.63102012986184,176.29005826878958,incorrect
111.90779411778291,128.67914984157676,58.72997877122519,107.82813537045249,incorrect
38.179021087031046,90.41620777016342,70.71716694410497,54.28458653093111,correct
128.4588146312038,103.13231434587551,43.05427545225628,125.59623899712525,incorrect
33.10464368260499,66.41192625716157,150.45192798309273,76.66166372185597,incorrect
68.4336702630089,91.04922510056346,92.62043132575786,46.328170264757034,correct
52.42609774881227,71.89197302876084,61.43765001811675,101.88878248226524,correct
151.74411020757998,153.04469506504077,86.5401083619983,109.53844998168016,incorrect
173.0834619865933,90.85161815886907,63.679416613043095,39.0114542289861,incorrect
96.11116368282845,136.6485980889053,36.036585818528664,38.97487426551307,incorrect
58.47775347958402,169.26608038359294,36.59166007022819,92.27043015577746,incorrect
38.866694964462226,40.575067605957514,108.01269378691498,139.82174654018172,correct
120.8030074708321,155.36194407512534,78.9473292451672,49.6258126382443,incorrect
143.14997334591038,165.69205299526467,155.4283342554939,61.86411093545182,incorrect
140.93637482983064,168.57694844225313,58.84027461768187,44.35559448929139,incorrect
174.14146227871302,38.30823728207001,165.29608552630523,69.36758013846568,incorrect
63.705162418196124,118.1923148969431,80.68922110615713,52.32521845181223,incorrect
165.1056100440195,173.6714189559889,66.88472564741681,56.84582541019134,incorrect
111.94437520920026,59.17108602659051,44.33340111356225,71.6504520500912,incorrect
101.76907705611654,149.97488857992897,92.53063930245631,67.850709779876,incorrect
78.19609690157013,62.46004776803097,100.03390703976832,103.3132575837533,correct
89.37391683917377,143.42753466238827,164.43141841630532,173.79775860866323,incorrect
169.04318968799942,38.844601758321645,167.30128129787235,147.66505743562908,incorrect
121.19933254188687,114.28857198565751,135.80781057815915,86.23189537496572,incorrect
32.186969441693236,151.22291737812864,34.201951294579956,45.37551622765936,incorrect
61.67629113248215,150.17721823525739,139.59173069406913,129.44305449261202,incorrect
72.07108671488132,127.60365184347354,145.29176971148098,126.53905943333456,incorrect
62.36845295542305,162.1899117822214,77.64907388779987,151.46482947842557,incorrect
57.90692851303899,126.9074379617134,44.784925457777426,126.40459703256086,incorrect
42.221546732870955,76.73572615444354,124.80227190585285,78.67309129395122,correct
178.72298799948888,99.91442432977632,95.61921782108494,111.44251619970407,incorrect
46.49289427359482,141.88063385406195,31.128184293430714,137.7602356946906,incorrect
60.51206580486329,140.00377700068907,124.35286787189725,72.72946051621003,incorrect
65.86158184622136,70.55975664328349,46.737306510136236,129.6915634854285,correct
108.09148135315218,37.59317684719505,147.4564240710008,120.91868972406478,incorrect
110.56330629738875,115.0296629936837,174.81720449374555,32.78666074885118,incorrect
43.47753215337729,171.39883000169405,84.54942771540968,136.7173480293655,incorrect
37.25775709866293,55.60557578338312,78.9372099791521,40.016655255739636,correct
97.00592466555099,49.68015243060798,145.90453179120493,135.44062955695256,incorrect
107.92201339090118,56.36488688292427,60.87328839631085,80.7516799541011,incorrect
70.15022365360863,144.31681366612477,161.0076767877208,141.34728659444707,incorrect
154.80880510822556,122.84025680257643,137.84843486172804,151.43723216989008,incorrect
147.3518770189602,91.81049036484593,170.2167496528768,147.14938101502116,incorrect
111.2556919339669,136.34371579161723,50.885303827027435,72.36942726882086,incorrect
40.62310891476074,158.41573214029998,139.9643422844054,108.82620772387914,incorrect
133.25969914666877,170.08852460951493,156.41802323965734,146.14526319220005,incorrect
84.27721193022111,174.59282654531626,142.11182093296182,61.96381496596068,incorrect
45.12454928248849,128.76473855344005,139.8004058296032,89.31397714434911,incorrect
32.81302151337479,37.96986178771286,94.17051550912075,55.96605446289924,correct
31.418292744670868,60.9951405938494,98.26528545005694,115.35801240776071,correct
81.22223228972601,105.66634883794556,160.22670998112127,141.7622046223138,incorrect
119.86853471600888,75.04988777112897,134.68798539602687,82.05867819719398,incorrect
176.7496542450452,165.7170047129583,55.89314641509388,92.29650553289898,incorrect
156.263276151218,127.02841672034455,157.22806697892176,124.45930881132757,incorrect
91.8995756959846,79.84623206965853,104.93036155680426,37.94746695436081,correct
72.00629560381807,118.57246389407794,109.53581334585384,77.49948005803003,incorrect
162.25564601415405,63.87920463300757,118.71108357818207,117.43854779882402,incorrect
93.64776465945181,151.14680184612527,71.05786863795292,79.39885863829284,incorrect
78.42504727424819,56.34249788626331,65.48935626502802,107.21047223048602,correct
164.61904540527073,36.93818435154559,69.34830241371012,103.98613295077571,incorrect
88.75008371071718,97.8418847690937,124.95083333714837,88.1018044476403,correct
83.31116287086232,73.3623767883509,142.30061785941777,38.56744781131015,incorrect
49.26171244618713,171.1673070701744,148.50776579246792,54.897910729711185,incorrect
152.93205141462676,31.623805588052225,71.43196691246459,129.89786158148468,incorrect
71.9943427135563,89.25040648740051,115.71756090485877,53.667256613044735,correct
57.36754763879536,117.62927797893363,101.07207956888496,116.12956464435567,incorrect
31.66256528738841,158.66854115902956,103.7205980910209,57.9484696018157,incorrect
156.01920323480647,125.78988865218322,130.49420165978637,122.82805339045743,incorrect
102.45875301140273,30.27833439207164,52.62429983020715,135.69334974508516,incorrect
108.80030593293796,135.06992505166335,144.79541254217798,88.91603221250134,incorrect
94.37072347165831,176.7121326546022,84.19844016457836,109.18255531663644,incorrect
133.8386643029104,115.54954769139975,160.65418476948412,95.1497575632939,incorrect
73.3810091393863,151.63703587532157,179.8183859030101,86.81516752146803,incorrect
109.31996484232587,47.278578451241444,90.00070159249462,113.78317769892261,incorrect
151.15159328679,82.85692679813108,74.78867590580586,73.85699721878103,incorrect
166.94745140326256,72.71927494618993,97.85446610581364,56.07731043363104,incorrect
178.4442445757346,174.6289464896587,140.4096295161175,54.367932389065885,incorrect
64.63572502450597,39.167046515423536,101.3153711638181,166.49742827141566,incorrect
52.72262575557441,54.29707120654008,115.70564774419756,73.27734232776825,correct
130.86114049804587,86.88020454790592,143.09466188808778,46.55242490990608,incorrect
70.32498928000507,132.24100313875653,66.39425092928515,149.47754720810752,incorrect
134.8066152462717,153.28261739185,78.18929517808456,44.03311979032605,incorrect
92.10680731558207,157.16027022098913,151.9418490545939,66.90034218279925,incorrect
122.23457524376988,39.604715672343076,40.071078226770894,53.603337152836936,incorrect
49.78509694427536,129.04027824756133,159.94678868088852,78.05717035322164,incorrect
165.7045590694016,61.43253142057455,32.74897505143386,83.7137967059421,incorrect
93.76541374920485,122.38949947279649,49.06310032465964,145.90760872519422,incorrect
142.23149999970298,100.20816962933988,99.38246759044488,163.91450730479528,incorrect
74.96705426106817,112.40018046731453,110.94660482388639,39.41938433345433,incorrect
75.37774172548981,154.21844246406792,159.92517675927917,75.17702205682394,incorrect
70.54923686698146,71.96326802596823,79.46888249861615,66.87414214725233,correct
98.10306650299066,93.96028986605302,75.06921918945505,56.05368804917438,correct
44.618368454156375,59.38725908336275,135.1456736375743,122.30382231603424,correct
42.862732288070475,135.88905598302452,43.70532078137816,48.40989663792134,incorrect
89.316326885947,135.48725713251798,112.30260930752785,150.33442442843156,incorrect
149.88680808072036,38.058638430033305,176.34158035481124,177.49902711645203,incorrect
98.06166417046899,146.92969112414738,123.06014369672343,128.24332964962446,incorrect
126.1010285211342,62.32391793402407,77.16550506045635,98.52001736943333,incorrect
63.89042806079144,106.76363634000212,63.53857976494328,116.66920758960147,incorrect
80.36746861015543,43.63615831715121,70.02407264481357,144.9195277697855,incorrect
67.72391567935529,161.353879616676,165.31251345739784,49.64801309291268,incorrect
50.37585132483585,129.61263615915,44.19355270501666,56.41727510530587,incorrect
128.96500627333506,107.78273705744989,131.62666240919555,50.33594008799672,incorrect
79.01559870554547,154.46765588910904,57.13547639715006,52.877623224856094,incorrect
87.62510286146573,128.3298298532319,36.00783856063968,65.18680982821374,incorrect
111.74031073105601,171.94444159321793,31.4642280816262,167.84855477859261,incorrect
130.88789768483173,96.81147457902163,139.4280901272149,74.12701026344641,incorrect
47.6106825233158,59.1883323130016,147.98348350497392,57.76933983915325,incorrect
99.7203085570596,119.43286565237985,59.19284045388202,33.00113988492209,incorrect
81.80967775184571,71.21770566781734,173.9892838814339,107.69208699008523,incorrect
179.19319074956914,52.10132955899858,106.84832554104885,87.09469100698212,incorrect
88.56952311428932,120.79471916841719,106.72910586790118,165.63301745321445,incorrect
128.7779527641751,76.10184606155204,161.77145639006352,121.15957679999295,incorrect
152.67430246836767,176.14303957817324,134.23378995586816,112.6639685891221,incorrect
129.8600149320552,50.22791172489798,75.54038111012466,126.62791702067634,incorrect
144.87613908121997,58.5940320048998,129.6957123211358,103.7737310931298,incorrect
93.19004019234494,165.01955188788187,139.15020138473193,158.59821839231836,incorrect
40.16769404778602,85.91800360725755,163.79995266968595,41.690141815322995,incorrect
50.332010209537,176.03529006728925,106.12026624799242,75.18594895523219,incorrect
132.99756638145368,85.8815556477832,167.71002117317818,31.20633862043608,incorrect
140.71164956764582,72.81802449529542,125.14947547618065,74.5038831313461,incorrect
110.77491707709176,160.82435201717948,131.7515995648059,34.37728363808861,incorrect
106.58944901475111,33.83483571322639,59.24436442255299,170.85135972990253,incorrect
138.42115308388122,64.97595449159925,95.51356139268707,79.77863546676681,incorrect
79.025892950762,70.29692757472452,89.12057265346024,93.96613803595017,correct
150.0160107550103,151.00794547576044,56.01813301586056,133.86476189070532,incorrect
130.82507364957405,42.93765800353356,93.4434025551881,160.50963084671798,incorrect
51.89822485125359,82.69308276418647,119.96618653862772,79.12353468091302,correct
110.60679317890548,164.40049878502163,105.24401568172227,72.83905151458518,incorrect
85.36576821738726,100.96518528370113,59.32996531569486,43.6465517543229,incorrect
86.21620439681578,126.26027590689355,82.5125855363703,172.70146562794784,incorrect
31.55790855909132,95.3110279500759,61.77955279197314,62.23082989624462,correct
139.0304456354271,124.90297641888134,169.56486026749275,116.71004403413434,incorrect
50.10667462169749,80.12830230079602,87.1527267780742,52.17242388681372,correct
77.14373279086635,98.23905554382884,50.04432354879409,88.97902882106969,correct
74.31999432291722,32.37454730721145,95.34146944140242,43.41671041700142,correct
150.7326948013062,167.72547500159433,165.5501470689367,57.91100140378219,incorrect
32.507758192642726,67.04208026058768,50.516442704149114,148.08821230505725,incorrect
172.78139321251524,46.126016930298775,68.43995367401894,55.577622231793185,incorrect
143.7637191348654,42.11761500673084,134.0492869786346,35.06147854696685,incorrect
171.32620816782477,85.93177584186817,42.1276963000026,166.25007494005118,incorrect
57.36755129299085,173.22092021265573,52.44565870349406,150.13685545010466,incorrect
178.3496781900288,152.91941187005781,90.56749732264095,46.729206528175176,incorrect
141.28435326399654,86.3406562105676,161.7210890774991,39.990583035667946,incorrect
168.3530717550812,116.19952142899251,106.72238524996716,31.3592171435095,incorrect
176.37188229624778,33.06051588100678,125.51417988295522,39.03604539695685,incorrect
102.2048710926376,75.60475027018998,53.83876641803461,74.61011044360112,incorrect
152.9516916429952,175.9869269476785,68.88214672755944,34.680380537729526,incorrect
151.40376993657395,30.065126316886026,121.46236662324822,50.40999108052718,incorrect
170.75978454515416,40.71884995404672,130.05627517803,109.90577124827054,incorrect
47.68187164842668,115.6195039220386,70.80317931686538,64.06104056339149,incorrect
92.72279828760246,156.19558475701314,130.80073433377322,52.836556566587824,incorrect
151.49660429461062,53.90967599221388,60.56538004180591,60.20324591348713,incorrect
144.58728300666542,138.32246516466344,160.6895912781111,65.66544071512213,incorrect
92.98826360297745,94.58079612364998,47.62562788909541,142.4190577929729,incorrect
136.00523562298213,152.40057035108015,53.63806487401877,106.98464452853129,incorrect
82.8764326289975,159.07454181890986,170.1652128586703,134.71494029048932,incorrect
145.615502073413,80.89497787899927,55.076099930278446,173.42530678501856,incorrect
30.068529747027124,61.332310438981764,94.52609607452676,140.71026332419086,incorrect
109.09750071910022,34.71677935272526,86.21323844887152,44.01920559791809,incorrect
63.296283471975926,103.93274006100935,168.39361622469414,55.0505263552154,incorrect
167.46403594286232,105.76611719658331,31.952440013792717,57.97831560435457,incorrect
140.02074136917838,57.34709898562372,61.95029537342158,176.0102965461975,incorrect
90.42438159891572,176.1186956654105,117.00483838028241,40.33684587941487,incorrect
69.42630699011889,87.82500602022412,61.315378983711966,151.4632137824857,incorrect
110.32882381060054,147.23780998375008,161.94627618667548,39.43941979990789,incorrect
161.72799931787694,74.14756076681792,59.78946726771497,175.10010518440652,incorrect
174.83942957803177,44.800747362992425,120.83008943897961,82.28328878638595,incorrect
79.38175720606918,70.4612204624802,83.0244028948653,33.782671302925024,correct
123.68822886185589,87.49613781697562,48.128182945339034,78.2505170987749,incorrect
157.317626441667,176.4499963363062,107.9280164799509,179.87657201658322,incorrect
44.18833926563509,124.4222890776242,96.26913969951403,162.40813201514948,incorrect
109.62300478725177,163.83348630221897,63.31186761150181,137.20320715313505,incorrect
162.31232997536384,132.39782863047284,103.95840263685338,155.94724896984405,incorrect
132.48254484340504,149.18302612482017,120.65387570248163,122.79088690193748,incorrect
128.5990405327146,157.36456883509368,140.08665906253879,129.5344406986502,incorrect
150.7074682322842,76.7838287878621,97.8846676377317,64.6323793870182,incorrect
126.8741375547024,86.47737422910322,107.91059526423865,92.54841782393704,incorrect
140.57886746427135,31.377468074801197,172.61406828971494,120.89678309153857,incorrect
40.96050684592156,46.07189168906602,156.17397961359254,158.77568738744915,incorrect
80.97657910965611,153.93098684443794,59.29881048975109,138.67209182669592,incorrect
128.08472156986699,133.97109499049543,97.13448786458856,48.68795867359428,incorrect
70.36839158497628,84.06344748121174,66.9556101820977,90.45395663908536,correct
110.97378585241916,33.227353000013345,97.04926888488453,89.9238131057071,incorrect
73.03923388873312,69.81595092709911,124.38712846489453,119.41426606278436,correct
101.57677256771832,155.89572292986912,113.81219747172202,164.95586427357952,incorrect
137.8492266708239,108.9759334562274,39.33669146646778,35.647197718331284,incorrect
99.30973826828237,57.38211748141711,160.92641511371497,45.331270953518256,incorrect
116.4796747488406,122.07907259267353,98.25215975969888,75.79352113204996,incorrect
83.76019694514953,74.88099028094874,122.7674630086202,32.83755400207225,correct
88.35381385136384,57.65320351031697,35.76891292681733,134.72288944157862,correct
150.2725416910829,125.66264578389497,92.32304572136462,35.88600493495374,incorrect
48.45414553737391,41.64466637027787,152.9428934579038,149.90954290068458,incorrect
144.09015185834647,130.47334281899035,59.57172293542852,44.30330867474711,incorrect
142.92812784305534,120.96166322763543,49.58080841205222,132.4870236143289,incorrect
72.83595780784404,162.90481771387482,49.05243415599961,95.44532114598834,incorrect
50.316125207657144,133.66149295253643,55.07557059781591,134.91516451242202,incorrect
169.04767487132503,120.26610018764826,40.95217488038939,113.44107400901252,incorrect
102.50604852004588,84.22465532050306,89.51290276853581,117.93553242231859,incorrect
32.6514485608442,156.4464801732845,94.45512731680874,102.46153151563396,incorrect
131.60969459774807,31.82224095300731,40.95672791904539,95.67961254610897,incorrect
118.87724898107875,174.8731609970637,51.24521131097754,66.15779426696108,incorrect
91.31738406464711,58.03445662605219,121.84494282795352,159.21993683700538,incorrect
49.16177680853386,83.30456479772167,103.86973793052958,169.11541614928944,incorrect
74.34808964067471,118.33486410505125,111.5986450971781,62.34052977310317,incorrect
68.60565796712085,155.53994918735037,144.83036336890223,51.9003452723654,incorrect
129.7378234054562,121.33702541435545,50.05745626782159,61.82459480003894,incorrect
60.4050648399606,76.42754214937983,37.26047366863746,108.86860338469427,correct
123.57312773044183,69.37582752670582,89.09751713332622,140.39286223175964,incorrect
133.5814939804352,177.5995162631746,99.07610922078827,30.241737082835396,incorrect
174.13526615649792,160.47602086314535,63.40933266368069,116.36274101570642,incorrect
88.21506560283684,120.64859906317872,141.74203186737157,167.96366130313768,incorrect
87.72161887257255,113.69388971172131,49.248967252125524,96.05232833415629,incorrect
176.6961904095811,127.4578772504499,79.45295020926756,35.63956714014029,incorrect
79.6845529131486,73.75399312469646,40.87717045888081,86.09676933609691,correct
54.843765634663995,104.53018097168054,161.42429993533952,94.68966031210172,incorrect
142.14859321390986,122.8333117202088,79.07747684067306,113.74833361184609,incorrect
30.33872159165523,154.77640206902402,159.51470066784896,127.7936233950277,incorrect
144.23778161816455,49.12162028368145,31.030456240777895,91.19601044891652,incorrect
141.63659599618106,49.63956649004528,40.046633141101914,126.60174530405824,incorrect
151.61566989466027,137.2783467127864,103.697443235677,72.87344003426013,incorrect
133.89024572060157,151.41621252997743,152.72412633329466,160.58835457728696,incorrect
158.31911674630268,42.838023580049835,145.4332771412656,44.66849870932827,incorrect
166.83181929404617,109.47373049062136,78.17106170025471,77.973324049839,incorrect
77.01157472966216,109.27088361162919,114.6019895755451,64.1034585996924,incorrect
31.876748490274743,155.17203775826775,109.84324488050669,141.00936374568758,incorrect
82.64005863750336,75.82242527180404,145.94261157453292,49.45589571672963,incorrect
128.07987787318694,44.61041055882158,59.26202388616194,93.38036680414882,incorrect
123.41942103130538,153.79974260120864,124.27063791565844,139.22810014566875,incorrect
109.97497687242188,46.90049595277793,62.481815692519255,138.29994551330333,incorrect
174.65287299517533,91.58729286845036,153.20097316022918,99.79153981949963,incorrect
57.13968764633451,47.46070095444323,152.61732617139765,105.20781976365544,incorrect
131.74342118400008,135.72723412967218,174.23859681973036,178.6954397492492,incorrect
118.87844727708716,153.4431399011331,167.59280270989169,95.86133549877093,incorrect
163.7716765877461,55.50724047315644,106.08241007039413,149.85630380209165,incorrect
81.7441007426769,147.80168715640525,75.67098495060702,68.14737739140281,incorrect
33.61236813720062,169.71313052881715,62.08419346122108,68.07261804798664,incorrect
39.23618038531662,154.98321720829813,134.67408581041127,164.13667017971838,incorrect
63.31004742097599,74.93497992888338,179.14984015815023,112.7798897882286,incorrect
97.80969565748659,92.83065583813118,152.8440607775786,132.84004647735338,incorrect
77.8015342950302,144.3175347137165,57.91611753205751,87.79040199548841,incorrect
131.4454674162747,114.19928238144398,49.25423561793265,75.38798798762818,incorrect
178.85801905334887,157.1063211435662,120.2325480549546,101.11042624789684,incorrect
145.32263846117806,38.41369859078491,155.45715871012902,125.85065501199709,incorrect
124.10275244123018,137.19387732072715,163.3809850991717,93.20012824314503,incorrect
109.0505063789802,114.67089489686983,154.45029127117144,116.26896189261156,incorrect
170.78517775877918,93.88561989166595,90.34878433667045,163.31188999755196,incorrect
112.80346575635939,114.08554476856406,159.7585286179967,101.45639497734176,incorrect
166.596815893001,46.47709208150362,132.64038692592703,131.86214140955764,incorrect
77.3464971897884,117.29558428629029,110.8625931836755,112.52962692915482,incorrect
165.31601114618104,108.86324637965026,108.94493442570081,149.20166090213456,incorrect
85.16520081581581,93.93359792007095,132.78692112243445,172.89869700423208,incorrect
123.79768896099425,77.00059414009795,55.37121447887964,52.56204895929582,incorrect
76.12475256597847,178.56094521628373,40.57674563719741,102.52360946049797,incorrect
101.65009497452995,138.87602438186622,113.8608195243549,85.42057590694563,incorrect
70.97416057742598,107.5509545715539,37.53565931414933,72.14514127291343,incorrect
161.81942383386155,44.73360782319051,118.4604820835703,53.56117397135152,incorrect
139.40093703162404,63.82698378472799,117.96692219357757,156.4026208974367,incorrect
173.3480314436705,30.970529655031743,63.38337657186956,94.92267505104951,incorrect
123.71332322463894,114.89268754369715,110.77970425137725,56.1258505691702,incorrect
42.03588507928385,70.23308874055925,107.5812255703043,139.91142178216853,correct
158.74532112834913,170.4078591357534,49.949412090716464,39.26205814493959,incorrect
141.75693235668223,75.33543770192219,63.43707131882286,64.57130644682061,incorrect
94.13884407368587,79.0777957672064,88.14747161155768,87.98215663042458,correct
139.14043498576558,49.73655129188306,131.06243200833444,49.34367038693898,incorrect
128.72262138556118,83.31998345915932,167.89224250086974,64.64895487513644,incorrect
56.99287854017836,127.92463446264483,95.25000274720313,72.78735030203853,incorrect
30.610481954408197,67.21337944012404,112.5330667416728,141.11882412340506,incorrect
110.93474496953813,140.1792296967952,154.78170126302714,54.02908771997388,incorrect
177.05991597324845,47.71075343962744,66.99751862810821,158.17548639319372,incorrect
130.164072039242,163.26213900463313,126.18478334720538,36.573586880789314,incorrect
48.144310482807924,148.29685484329818,152.75331443221464,179.4199133207474,incorrect
145.82892930226697,54.90505250348674,52.02671853905369,113.1182466506865,incorrect
78.28791853744244,85.93183434031111,99.88700407360376,163.49993058465733,incorrect
130.12111976106723,67.41471801592053,152.96133223211393,71.0028520283714,incorrect
97.98695300241417,168.3471813477041,135.2997162265239,126.09025824831588,incorrect
64.18945922523548,65.96100883375928,50.93150095992877,59.28838534472584,correct
166.95519436827897,110.86598423590112,79.90595065135497,33.102303685904445,incorrect
160.57764053707018,59.42796931253557,145.36550231326044,41.6911030926868,incorrect
168.569041005152,82.02118394937926,157.83609548246608,174.54501392623237,incorrect
171.729503350606,82.89112168453252,57.22797081251157,129.6592017518147,incorrect
32.42168736804202,109.03069876971591,162.03507263050003,144.35538686965634,incorrect
127.8607286366797,61.87795393433261,149.47128785616212,51.73866715538443,incorrect
83.06275821305294,159.94065278204164,171.02519807550334,158.38395823086717,incorrect
171.95235169471397,132.32247478611293,78.14840214327688,148.45939336303752,incorrect
86.34453006628107,85.28689414703078,84.35696450059667,140.135865400586,incorrect
36.726907734253665,44.41169800703099,166.21489669529387,60.55119006915119,incorrect
35.442739013766946,88.70230529901143,155.92974845940952,117.13583077460547,incorrect
125.89481700451087,117.45792173772129,175.62640265792112,157.22324799025284,incorrect
147.97588718667237,151.83442927491637,91.05423790867692,58.24196415834294,incorrect
56.85887034981461,170.46347458258603,139.0909557745989,140.1328610896499,incorrect
69.75312650344476,179.6147469751466,151.33562673695224,55.82734837685804,incorrect
107.07906249166001,38.095940415024295,145.24585428492975,146.28341893854582,incorrect
98.98532145007998,146.35937645793672,44.68526545894677,116.95126526862555,incorrect
37.60317025740942,57.53369872265944,122.92231713713215,133.18722905824342,correct
161.60983987433355,54.62059034079643,67.31824594288003,126.37294473574117,incorrect
96.6317055831681,161.14030007577549,173.85396214147565,84.79624197600674,incorrect
175.77655147675293,45.960839816591275,43.06114148830569,169.58413855941723,incorrect
48.803114497894164,110.56920309443227,133.04102985902915,40.07417942789421,incorrect
94.02728595254462,59.99387666554102,104.99309088037316,130.4680286726323,correct
92.44188417769095,122.85669271567421,44.72487037944722,133.12496330861632,incorrect
43.4125574522282,136.13447309953546,95.72792540132154,79.3874186420654,incorrect
163.7369560705349,164.56452389993416,70.48738006655834,135.13189636418346,incorrect
96.65517141780487,91.76710714898289,100.59767813878472,136.3641193334397,correct
142.55756603799045,76.25283262216064,89.50435460164218,134.06930672805913,incorrect
41.2585109535967,128.4626691107846,56.74852741963899,166.98893036845698,incorrect
59.45326296744256,101.14199233573846,117.76760593776673,49.27419426092038,incorrect
38.42511881039203,77.925984024569,107.80486246103729,120.256289650022,correct
149.19167052162916,46.70369390089679,85.19756252769137,92.1650500980624,incorrect
37.47858383645594,125.99822314083362,38.310926014439865,138.02780575174066,incorrect
164.72488161994036,150.04621146265754,50.021510747378024,99.16415657948137,incorrect
68.46728293547801,140.04886171529625,33.4229784759694,122.12195761141093,incorrect
32.20004789912298,106.49953209397337,55.78795120132497,149.9280725027482,incorrect
46.98029417537259,136.67204870343136,120.4652944314672,88.21031438897455,incorrect
171.79145956969845,119.59828969049707,102.71289593072765,102.94555167267018,incorrect
154.24757799926647,119.22720399906645,93.35988433429293,81.22112354559981,incorrect
30.059845939855567,139.82894031347394,65.58898499138184,167.1571200946672,incorrect
157.6981164731797,86.24533911211093,167.0278977113629,148.93792654586792,incorrect
110.5168276486232,131.7138751109415,109.9996951975688,124.74377259836383,incorrect
129.3876928953137,74.37015812080736,106.34790774184673,40.786432105504815,incorrect
117.24304607736444,58.067947131669584,131.02740025511815,91.56566241760112,incorrect
57.27285336604047,121.93644469378155,134.1273554217467,173.51415839955808,incorrect
86.75598471766848,125.75509695432528,111.70679407036413,99.98890435470034,incorrect
65.08330606595058,60.48107907913212,130.9436324175517,151.88851963588152,incorrect
88.99464479650942,36.32649696284051,69.76001084713138,115.78125574448929,correct
88.29261469331823,67.07836797567006,106.79568617195496,161.0837016207928,incorrect
110.18728873812009,66.45717736252877,143.6234236860618,54.74399844336275,incorrect
171.12427243876922,90.72621761962378,69.1850207039784,80.4073356287152,incorrect
78.37682699352737,100.21772793584698,101.99867151437942,104.36302667720356,incorrect
126.47783184559408,174.35688093813246,171.0940117515732,137.69861563057947,incorrect
64.22678966015283,72.02538713417745,87.8027238623275,98.71490680621292,correct
41.476116406130195,60.3734995011505,117.81101516800395,62.15365799277166,correct
125.80221579763818,133.9760147053529,126.78892884547514,95.75769920620806,incorrect
59.99341801403742,59.444566241494144,150.8347327385716,49.316446223997495,incorrect
65.74671372728065,127.73443715613368,95.2853798258823,167.7902140550814,incorrect
175.1498612394224,139.8661904639215,75.90056031055614,112.4508176198339,incorrect
120.11282275040486,71.19512541972983,31.61574118800881,85.62903732178934,incorrect
74.8014870609136,158.9015028649382,136.55110014889712,91.04034543866354,incorrect
166.37767840834996,82.28865721581727,171.74043227394404,115.04082938649645,incorrect
68.14258893708063,72.27273303095276,98.17151862427968,138.22729773797286,correct
136.26580087794764,114.73905978851312,78.02305929340135,119.17591246039593,incorrect
58.37947231738975,82.09965260093804,66.73433069376554,160.5975668903776,incorrect
64.12532266927849,40.82154976968607,93.9886740751021,145.18737759358874,incorrect
133.52554438857442,44.75524362778197,56.16058999876576,30.585723191084085,incorrect
77.81051277511328,141.93418410785597,122.03337136623882,65.87870411345975,incorrect
176.4973089935985,38.45809435146546,62.329815272755255,139.1073339695645,incorrect
67.68988323125889,57.07969148699229,71.823486915575,78.78759698945261,correct
73.81526781860589,98.78355489626959,37.82445798936814,176.28600891345778,incorrect
151.69281344360402,98.78423970351439,164.08234741822443,148.17564582460616,incorrect
170.92927098186647,74.82892051339002,139.5677235557239,87.70805055200607,incorrect
98.06691964072594,112.49602849304982,48.47849102827331,128.5894850305071,incorrect
124.34708524078711,76.69804819554051,66.85966366251907,143.1239520565406,incorrect
168.00336612821226,110.54812540204718,56.901776168146014,136.73309843247202,incorrect
89.4523440329155,160.6636199535767,54.69389060902468,95.74856125647169,incorrect
60.67261929648832,148.5059097999471,59.9493089547195,148.3803469071524,incorrect
98.59779100734617,33.91291019263444,133.4465157674631,119.38270375075356,correct
166.19632392515166,136.48828719318507,92.38316168755969,153.83172489211142,incorrect
143.58178239873388,107.10070596614756,117.20185483390289,171.30982965640862,incorrect
55.58368956753304,160.91437776139367,70.89006573953537,98.16794451227103,incorrect
111.78029206564418,91.38717013079554,169.237473894174,44.573299270720156,incorrect
63.19960609617743,136.41633619799842,94.47858457899154,51.246602201390715,incorrect
162.70363413903883,150.3271272658479,132.4399726861657,72.09425958025734,incorrect
144.8769521883413,84.21012713670132,93.20233220647869,143.07104617003296,incorrect
151.36593470311362,173.50996580921907,51.54851325525853,87.90047712659867,incorrect
116.68371248980984,157.41257934910482,95.74815682830064,80.47012582140681,incorrect
89.24541393521218,48.871987357403945,118.1678389750602,125.1277677564752,correct
178.93801714781267,113.60069870336893,88.7448920034955,106.78015381068762,incorrect
131.54108357931355,54.4674614230568,35.91449531480497,172.52401190724092,incorrect
143.3226009377511,104.48007481316145,126.79811388985468,80.7531922842458,incorrect
120.36943587113377,157.35126486657794,87.30017007945358,38.341397511409625,incorrect
32.12452792015855,89.8638586715524,61.7127479682466,81.69982752028272,correct
175.37859734914954,140.51176339737003,101.93209726237778,153.9464394208834,incorrect
63.86056802905123,118.0682439506147,53.33412048775661,35.423995529231654,incorrect
92.3116430994624,136.293926009534,87.03129131638555,78.28658997668832,incorrect
134.13492106939708,171.98221175550322,135.26829841737458,60.655192872499356,incorrect
138.63024023527694,68.30628566387487,145.0143414434804,177.29210224286376,incorrect
50.87674837596883,65.81759691631592,86.0933186253472,93.6821189217192,correct
150.9663019369456,106.50513331759021,71.19016027760247,137.0868048206801,incorrect
151.15656102518255,154.19790416130022,116.30490071787523,140.6873951861997,incorrect
58.29819531256492,111.3486617056298,121.52814957642711,96.99193420196859,incorrect
140.46490557396868,139.1841356550938,121.41311113913754,177.2752865504329,incorrect
60.57314026429661,53.95172167318017,164.03794266785877,178.3983165283294,incorrect
68.35411570322682,68.1951535375914,124.91536960794701,63.99057967180529,correct
155.88383384650038,142.75674080397738,54.9605602565301,118.85511151388197,incorrect
128.69533251041693,173.1787135674263,55.83070389090953,165.26455325112025,incorrect
131.07965848087878,52.35100327875794,174.38171787020215,159.5963312097531,incorrect
140.99744317421494,168.33309293896153,178.50724400564897,35.59146197578966,incorrect
74.3519979977385,106.49515944658941,152.24485257442313,97.69603501127551,incorrect
178.42757591799779,154.89464965805337,131.04712740053458,63.129711053189155,incorrect
54.28175526043331,112.24400433964848,163.5696020028127,37.02635596825797,incorrect
168.34853682856473,113.22446812826279,106.37810462763278,84.15635502092616,incorrect
79.33633087863716,107.91827883808304,113.9990680733551,38.54284033909002,incorrect
106.70991927362833,147.5584187192216,45.40031601834984,131.49013393355807,incorrect
134.15786881412384,48.36402526868708,37.7482152017574,88.01082242640432,incorrect
142.17510072309153,31.081230186178605,31.660589441217986,141.88060299333648,incorrect
106.94265200926883,128.97029596800814,172.62983182014955,165.77742805284345,incorrect
131.5324176458271,67.79615699485225,170.12827765704372,74.50506017719306,incorrect
111.80407844107297,151.25233561635372,30.15241948469696,103.09139274601687,incorrect
93.73011639561105,45.70387972636816,64.34623879773005,31.927968137394103,correct
106.99922342178415,157.66689673954232,154.03551485978818,132.5472073991566,incorrect
164.7112888044639,34.273848960114655,145.68223402390117,73.72980444236825,incorrect
105.03573686581,100.78656820324278,60.953274950903634,138.90618188279137,incorrect
163.8699541379351,89.37770431920985,114.90579755772553,137.48081200942985,incorrect
70.84100087541601,33.086875382399754,69.67438622358176,121.65325810150887,correct
119.76484388914868,145.5560824688883,116.55018466511802,151.48931919720786,incorrect
120.07337265164058,50.603716557148516,33.23792679953949,30.464638767745157,incorrect
45.15980554022845,80.47708404203848,122.0717383232249,78.53358284113,correct
91.80054333025785,43.632441872961316,56.584946991769016,113.81325286302062,correct
65.24606479405793,114.84594317068559,120.0334589190079,125.16540502121839,incorrect
118.22230343251452,54.35184900756202,32.45932916071256,89.50263706206619,incorrect
85.07641374974413,135.0257012856865,90.81512614964879,117.35073003108967,incorrect
35.79456549112475,165.5600464210024,108.84666226840312,113.29100731716814,incorrect
90.48522661678581,142.2210711917163,179.10999515898146,124.63553126733989,incorrect
78.59926262195685,140.94052524383903,141.1629289645801,162.41976358093476,incorrect
41.93922375522672,179.1565018757521,161.64784673150064,111.39985852637496,incorrect
117.8697133619389,126.71375450722594,152.16540892067331,36.855783088311775,incorrect
107.60069657580871,101.99396162672323,62.7385530704303,149.9902459725547,incorrect
70.32659936526052,162.87126224076383,57.26212522161185,172.9571658275891,incorrect
134.0598584702856,78.11901453798865,171.7687882593618,60.46836546245146,incorrect
128.62017483613806,91.5910626976098,163.59267383867802,175.28298565579226,incorrect
114.22257386795354,87.35966249938082,159.03759095462587,40.12956084706295,incorrect
169.2105184458345,151.55966255859215,146.7242727585422,79.92104688039478,incorrect
166.90397548519616,167.5441623568735,135.6266790308428,109.39349165782026,incorrect
108.85669005076326,66.77128310773817,30.348326067980615,158.7408425083297,incorrect
52.40309299569222,80.39199676855094,48.503720585388294,167.44266005780787,incorrect
124.61434650255563,58.92475539470578,115.07105568243585,88.85147289920752,incorrect
63.83942277936716,100.22267356776341,143.47317198097585,121.37524402379242,incorrect
138.6066766104601,39.55142679675889,168.96458116037368,154.5204483154991,incorrect
78.63304136057647,69.94661009022218,82.89763795130449,89.61027193319777,correct
81.37199236932625,160.5191575460663,148.37443002171608,146.7604686094985,incorrect
131.56029158629966,47.709378736261925,85.6155335644095,56.96717256515897,incorrect
125.96360790622235,113.74097611066655,66.04304125433436,160.05489715677592,incorrect
101.43688056126663,70.30359017791224,70.84364966983634,79.27508643821359,incorrect
113.47089966952466,33.16166745794194,157.50195566441897,143.49692224587335,incorrect
78.81031356467766,70.51194151193934,51.22663415371338,144.10087849459444,incorrect
117.60108357022798,84.11584502418567,53.622866890170286,96.01766614424649,incorrect
165.39623890883257,73.79657666994157,137.79163360068816,119.96668293447061,incorrect
172.45955317315722,96.0950821237265,38.865475709209576,92.24026079816971,incorrect
81.5552490500357,117.51738400953766,52.45980725212548,155.45009358348085,incorrect
169.25815649045424,147.1213341536493,92.81916260560891,126.9634441766234,incorrect
75.41079412233535,118.92008374580064,78.94369833651147,118.19115534177793,incorrect
83.79440231860877,84.21082659080128,79.00384912064906,156.28411067200616,incorrect
123.85847929100932,31.84961289713252,114.22351717818658,109.3388088340218,incorrect
149.04131722545864,56.9536443350451,147.71093748305333,158.42794174673816,incorrect
59.66681885146421,141.0059591602414,31.049938686267776,81.23399758791889,incorrect
133.36294780456552,134.87508090751766,43.467854311200064,154.05360795387543,incorrect
87.65650980048736,72.04031615827608,143.83722448501874,115.52378641352391,incorrect
152.70628633038297,70.98231529623243,51.359328340009924,53.23824978412911,incorrect
37.13397755080289,41.87807761346022,135.02332976365076,56.36780434467957,correct
116.74245566313,161.72073426218526,152.7822092628311,123.72238162110037,incorrect
33.28583504220427,163.65172937361092,157.69062710498693,45.368023962782004,incorrect
90.16635474254474,178.75755177100845,97.01959437403238,176.47325814605205,incorrect
87.29028219628071,55.124989025058056,174.20338614323455,178.67466213165602,incorrect
87.55095392746841,126.00284137198304,56.62215002073578,172.23205861995422,incorrect
42.47631112852759,106.52737229891056,73.50699097941579,158.27492977866547,incorrect
76.88580052083847,116.58950059170955,78.83184463126894,179.3234961062767,incorrect
149.73235920197232,38.44003491597993,166.33400171228155,74.74180327659025,incorrect
35.220930066562886,176.3403538047654,64.91341983194756,156.12833091059528,incorrect
91.56030904497251,148.08456544276714,55.072573287710554,157.59542484886924,incorrect
36.95387199208757,34.88966370182765,101.75254557156089,131.0989666430883,correct
116.4910391703876,48.06493539747048,49.61673783269299,101.03915977855968,incorrect
98.04002118510127,34.154963338685505,154.03508760123617,33.47377022150489,incorrect
65.32032753664073,51.97120748929488,52.38805898492808,81.75098999188131,correct
85.05961955330261,153.8598224944539,151.80587966000286,156.38615794778264,incorrect
72.68198773092384,99.77411996313954,111.14051992864562,96.69947565019068,correct
152.44883743255878,59.8598542937344,85.8742681731516,88.1036927036801,incorrect
61.9083801218263,60.79953805312942,90.20656843181709,81.79186284931012,correct
40.497190512802874,39.64799185057262,92.6845487612186,99.0009970410956,correct
172.12700579930691,137.43355474616186,31.033462354857605,153.3117885200715,incorrect
131.44096343432992,40.81944215465514,102.96889470483549,46.59407823338147,incorrect
103.91469086060744,171.6322089480561,103.6535184773763,55.776677832468,incorrect
63.69466260321791,83.91649408282734,75.74341302523679,53.13798256078243,correct
134.45444608921875,101.69425346001216,69.189245965172,55.93777270025515,incorrect
140.33172203864856,63.17933454119077,165.08099028137354,116.45162453854395,incorrect
65.64299709719032,116.262674740058,98.40506500084884,92.60085365039404,incorrect
125.2370537634772,147.4044193219241,130.2736555448006,130.74479257015463,incorrect
123.6754204689478,129.2711455162038,37.425990386552584,91.83698188339835,incorrect
118.6580555454927,74.25561640280506,120.31741264450166,43.62756257315925,incorrect
177.73854939528016,172.7403886795935,161.34652942467812,131.41172221811334,incorrect
52.6580166290791,76.14595693761532,106.69767887639006,84.77293516265502,correct
140.40494061859954,57.91327210323247,150.98912903407026,58.74311690493269,incorrect
118.50915558718,111.16011385678748,35.6074391966853,40.56710324548771,incorrect
75.91686287340426,36.71742647862554,131.77043914785884,123.03276735269039,correct
78.94096116194771,75.08168858560254,165.47745433267912,176.5891937066276,incorrect
145.13087140601868,97.95232761363815,110.50332681452248,147.14441136881032,incorrect
151.66193563603736,34.58032634403754,178.4014022282862,73.77933077653131,incorrect
149.41693718161076,110.61443306864184,63.41329168812359,172.7307572262379,incorrect
149.6189331449054,134.40985817403362,107.40256374886387,174.693205079068,incorrect
157.4669599949209,121.5160608618804,48.82851367324087,103.72962259384845,incorrect
84.09679410407918,59.62585776279476,174.28479335724674,65.42222906588557,incorrect
133.73052980142987,66.12165102365435,153.584988203229,133.81698602325912,incorrect
129.8529104929201,157.22294034449592,90.9928292356577,179.82926339712407,incorrect
37.36187009199561,143.40216040243786,51.65384009477157,50.34217623717224,incorrect
178.86881423929864,60.55621451388694,43.21405756953927,115.42151086515334,incorrect
71.54288066539438,84.93577635746249,151.7662451421844,169.02204686021255,incorrect
147.35003356497216,56.85018106676629,116.36805767843673,54.866603326363716,incorrect
111.62339008848944,167.69211194699432,100.89321622501195,124.39574773947564,incorrect
80.14346583844376,48.43628859012504,74.73037912704083,78.43165525511401,correct
40.02206332160437,104.31954380482006,156.2473561282912,139.00080619706745,incorrect
153.62726494872416,172.28843213755204,161.35335862126155,142.88919253727946,incorrect
37.152080293907865,74.58621077663574,102.52314716874609,86.54209975204571,correct
32.48207560649407,123.97276402730593,100.58888833243195,99.55770253519242,incorrect
146.23348980306685,86.14246389675984,110.0606963429088,55.963637387716446,incorrect
74.66940375594085,155.78842148430118,126.96079249833217,115.02715444419304,incorrect
46.51226716964552,149.45491033318245,94.80624950907685,168.00196543974,incorrect
45.440759807315494,146.84623192677861,37.29109683489687,44.39448574011895,incorrect
49.789194016040945,90.39303210171985,153.9800582814683,38.89113827235131,incorrect
88.23847838706985,134.43524616145115,62.8423099554322,74.91506583037213,incorrect
82.16478690894593,33.61916116746595,164.58704611512678,70.61982698669445,incorrect
108.28122657165535,159.33397413828223,140.5209344624232,56.81270031981359,incorrect
50.32594418698105,123.23592642623565,123.81177704692995,36.405717092242,incorrect
70.06184340712116,89.50439157773943,103.00393436741689,93.0421549840903,correct
94.72127603624077,59.262541738378076,34.149240368354526,72.49663772830883,correct
39.96611878565301,49.31900632605816,167.78076623714216,108.6140119495385,incorrect
87.2656558867405,104.50537019248091,56.41044876229117,172.86968524289867,incorrect
141.9287789197242,40.31945821941662,88.19632590592798,162.01560511883568,incorrect
97.87423117728838,99.51712916410064,101.25848631054838,49.617778347351205,correct
53.22806668916658,111.09658234040928,42.46497177455994,47.953340594867235,incorrect
140.44694570166013,31.289360309716148,115.93823637332648,70.9525723595487,incorrect
34.362899568490946,152.9176023884457,40.100118761497626,171.17542641499764,incorrect
81.17330231681383,141.2248681540591,74.88636242507357,121.13464073693872,incorrect
133.86350759850882,139.15923165526863,62.808797389831334,172.657598567308,incorrect
87.02854354079707,71.1938808680258,93.22664513155831,73.26393940908368,correct
85.96152914879156,55.205048749177536,107.46189622237978,167.8663850618451,incorrect
145.09264737025097,174.7967678016733,138.39147763261224,79.82195004459997,incorrect
98.8327544644083,88.88865160695232,151.57009049106213,78.4627010599182,incorrect
42.188128886117774,172.3008260552981,148.6582767506331,171.1521041965811,incorrect
174.03113243690714,161.3651947446916,178.23825952533963,160.2912265029992,incorrect
69.87762786751517,166.14170657721627,78.62101334537186,60.436262342415674,incorrect
40.82663266246986,41.33657669870227,125.54408412514826,33.18627539116449,correct
75.5498020745454,87.13782430435847,144.60747803813518,151.24732477462845,incorrect
32.26070981563094,59.84425492681136,145.3276361651762,79.96298958599964,incorrect
58.7830614050638,175.8086729884153,45.88798646251372,95.6386231847956,incorrect
54.92996603007953,40.9553676147736,115.48241905551728,75.83043664064276,correct
52.18545984876204,93.17642401423072,73.36709593051194,57.560649948345244,correct
37.16076942866633,166.09066271209238,162.60605794248983,30.730832515821085,incorrect
104.92904509948065,141.6046827981161,110.30844999666347,99.84908312510089,incorrect
148.2262084947756,62.22771113729684,74.72814199381227,82.44289232025105,incorrect
79.7381363989542,75.2654182009594,143.0783963074803,94.57392067077397,incorrect
76.62053017560874,105.13988347916302,91.84614283404903,120.12445621992126,incorrect
143.87035771266483,156.1565174768232,173.3893447638917,104.24881474234589,incorrect
55.55287376976378,159.1947024638277,118.3861316893734,175.84786113644307,incorrect
175.59094351489563,74.08470093953187,171.2037177205847,72.6326866812679,incorrect
140.9961777581293,95.67181936754278,114.92104407220944,168.30299410787123,incorrect
76.10298324478555,133.03422302440578,123.47832742558366,149.61583663165067,incorrect
46.606303791872584,66.35050250464519,72.78452588498344,59.30099588738389,correct
108.98596534408851,75.43680845412145,106.35849808627852,129.61797452345348,incorrect
40.47919908614016,86.48468577368625,127.35626603571818,174.07487791254275,incorrect
79.96186300825111,130.99209398530726,72.15431234810447,102.67336123386953,incorrect
48.37731456969182,68.2458620983211,36.04470884776468,38.04536287729441,correct
88.51778192879374,136.4250426329384,141.24517316684467,120.27666700424926,incorrect
96.19804334915148,170.59752316035295,111.93198830881937,96.17348566662038,incorrect
70.9170781356703,102.93927861414181,50.31430874006469,128.263199988703,incorrect
86.86529731956796,112.58636476596422,79.34191765794259,78.20905069914795,incorrect
154.09603426000635,55.83168972468048,100.21472754827963,155.0580093518529,incorrect
172.67146101747784,45.712052146448876,158.9923391126441,38.161296878084386,incorrect
42.61313372794884,145.20244003835722,85.5637870118783,64.42705698197388,incorrect
146.04535334383073,55.77953440806142,146.60399948572527,48.86112187153947,incorrect
148.08814390243322,131.81962129334676,85.59648473056322,124.65920198397347,incorrect
55.854689677139575,105.2420408842564,49.06313776822397,39.9741843226972,incorrect
125.27558675106518,38.49350406365063,77.49198922239401,144.65424915465456,incorrect
82.47266180062948,177.78299478874894,143.4955888867965,120.15514053766572,incorrect
122.62098463362865,75.37863384937515,70.67752847596714,48.280301986048315,incorrect
67.7590597108512,163.61541670207987,67.51887788605357,116.38795124412363,incorrect
166.00504165002542,159.43361729881266,97.25247609921031,94.01371657144045,incorrect
51.70595926176293,73.09970536498952,94.35896026753247,113.94916460351722,correct
117.63402428505583,35.27768063338647,156.62334239623874,144.61140633866725,incorrect
107.29006507895598,66.5527431911099,158.09882196330344,164.1466674000756,incorrect
172.9958763604966,94.04904857295728,162.02145584403945,37.826718211997935,incorrect
96.90522599645632,156.62977117224963,51.2393991548784,61.98713104505798,incorrect
156.2114899110034,103.26948950421011,107.63495159489088,136.5171022910987,incorrect
45.73170890999939,73.5047489644084,65.61601764021957,45.902929435322164,correct
151.998339946501,122.63900736494145,95.51163505817776,85.33821489487153,incorrect
144.637150389334,63.976205214731756,147.03342613394,170.27888745738161,incorrect
95.29516874001153,157.30932498441828,43.97960318462745,166.27579994481093,incorrect
164.87704231273304,176.25643081883746,126.01214022962209,175.93061898104827,incorrect
169.80090346620653,70.17195659300819,129.1344214645569,86.2052956861904,incorrect
38.98860326639257,47.66664218624649,102.39356724841464,103.81159016943612,correct
158.52243401552025,158.77698817123942,76.11422100038114,73.56537074172749,incorrect
127.15764240506596,61.829450301742625,114.51143118076035,166.41104665055516,incorrect
88.47012123009443,114.64354171428029,149.21669013214242,157.21842420074853,incorrect
164.0842416657559,80.58242194021193,100.3399718964531,77.800953943752,incorrect
104.91800855279334,166.01475772992518,136.77222363426813,50.1816381086534,incorrect
51.7907193002587,66.0802555196026,164.213959546699,146.73721083141487,incorrect
72.04074035414172,99.49452293618143,161.24528519927068,88.0208247224555,incorrect
101.1644635762939,173.4862097627074,35.113734363730934,49.46089492295785,incorrect
42.18584241712576,71.39257819370354,54.60765322297458,178.9392062376549,incorrect
86.19690195583408,139.0328446530128,161.1350252636122,132.3735291844207,incorrect
60.02793986526167,67.2564325895786,137.9156282699498,169.1314357326541,incorrect
165.0537427605325,53.497638629463104,75.17529245579729,147.16405695104967,incorrect
44.98549036825074,145.26902937490075,85.25554565259269,115.73664117680956,incorrect
147.11094947358487,168.33232234785484,159.37706517725468,32.844754331615384,incorrect
65.37993688258031,59.62015449775316,122.36221805606091,46.05040011869073,correct
30.12920508095626,56.305167294570715,118.69535094336781,46.591696004119854,correct
109.49533769674032,34.5411689482871,103.33916362040301,140.35073566437472,incorrect
120.24097087716083,152.53189581910055,113.22727470979032,56.1180620274112,incorrect
127.06418067486065,91.70434189483534,47.83445318603333,87.41540124769767,incorrect
158.2479760658256,151.36925815552127,32.556754384702515,95.3266870590179,incorrect
86.84764009249298,84.01572041982699,120.56542640147386,67.24843275098252,correct
46.135719025275904,116.71784220479081,106.68698857272565,102.11525824126598,incorrect
35.830238585312266,85.60103237227041,148.73876275528042,166.91826712594116,incorrect
144.10714652335656,172.42368272153803,57.33345862051121,141.83985049062204,incorrect
113.38072096619639,171.67844776448442,179.759413900845,112.92593854592647,incorrect
77.38831901744767,30.509068496431013,63.202131103045076,61.04176257205091,correct
169.49235121898607,33.24973617836109,46.89783301217847,98.6474332300137,incorrect
176.1606526621538,45.458809988257016,31.09015990240055,48.778039149771026,incorrect
175.25112756971703,91.46722751079467,119.60567506558745,65.64511757248624,incorrect
101.39514055202963,83.84976086894471,168.11082616072633,117.7099916637852,incorrect
119.64362129696323,157.88618139615352,120.30685712055619,81.59811040606203,incorrect
63.181283381721606,84.46004851899315,55.01285679096555,135.03620468900078,correct
102.31478710163402,105.25261528524452,38.4334445022699,152.82994121497842,incorrect
46.69627704509265,105.0962393509188,44.25363972969085,84.75431747042202,incorrect
76.60124827208818,157.45442042007176,79.01040161804627,133.8049533832219,incorrect
149.58368438607835,132.58479886369076,52.62100639822785,77.96842027036027,incorrect
96.6806961969188,40.52423482112053,165.43436561716038,84.25835075847544,incorrect
122.89572001500055,88.58751879130833,121.74376976096322,36.32756398185991,incorrect
134.2669911268598,106.31814093396099,44.50005951561309,113.54738136428345,incorrect
106.52211880844015,143.25008358126487,158.79132273332328,160.1401141101306,incorrect
174.0817290786766,157.38251564296382,65.52262491484859,120.10602507274056,incorrect
81.0989778526167,84.88770377903859,146.4885385606363,162.69562726572806,incorrect
82.44347473473422,97.6674683308179,112.50639875148325,60.7874629249267,correct
78.66150454393295,118.14751907406347,67.89431839756598,111.70863684892822,incorrect
108.46920189523244,74.94121380341798,79.85068731763289,84.53305443404099,incorrect
30.308242811382303,97.33331767649192,129.1928106108853,142.56408308267288,incorrect
179.23703482668094,71.02918592676447,115.16978503233936,68.54941466813942,incorrect
163.86815059572174,163.3279093105437,105.51797327192205,166.76717557840115,incorrect
168.89633796036745,53.80275222616811,67.79381285097031,126.90887595048574,incorrect
54.79813421027535,151.73027705519345,73.48008890805374,116.53910229775603,incorrect
62.9534787355367,57.22767769595305,116.95353629753244,95.46269127643325,correct
130.40630499522524,80.38086417547109,68.50203626031393,109.06531043155182,incorrect
69.515446137573,152.5573159313846,101.53006206641759,137.56203126919115,incorrect
172.307361143835,66.8391645081588,55.31152776941069,71.48256323365855,incorrect
67.14985070611235,76.83197543905118,114.0781938452988,31.928034697187215,correct
79.92007065386363,177.9548051710335,131.66345730115677,58.78745424232025,incorrect
53.48255161900276,77.49371937056208,125.23678251247226,75.8331184819036,correct
35.66080696669724,151.84301567774722,170.57207597299794,147.5058488266847,incorrect
154.91520140574517,105.6803418916892,130.9278139164872,155.7420532149788,incorrect
172.0812620939394,144.40713083215223,100.3919489794206,65.97365926803893,incorrect
170.51513789620043,160.6645291670402,33.39641766013611,150.65186381057913,incorrect
173.93371301878986,43.01689742537408,62.6198549671164,82.39295920303624,incorrect
88.3041745286212,59.49667340790889,50.20040566838233,166.37020421321103,incorrect
77.69163883130548,84.27079039945832,173.35293068604497,85.10285277263847,incorrect
165.43985622325096,117.8442836042018,78.59233356585199,72.32324739517944,incorrect
133.77850313917054,58.531000345922465,107.51718998159863,38.85873856771002,incorrect
72.38098582776365,155.55381780785694,84.25045497986201,119.39985488722797,incorrect
179.89489528401035,115.89798126782728,119.86780730536046,150.0653366184444,incorrect
114.7394410871579,146.40633302226604,103.7454555124807,147.48218809779473,incorrect
127.20680325236755,73.98431424698919,170.73398111808396,113.05006166062834,incorrect
32.03257025337261,117.48200527832958,87.50655872601071,119.78150771560901,incorrect
61.99815966413504,124.9041764562326,89.86691462919825,177.93821565204894,incorrect
107.81349590687827,113.62448216159086,166.23054409252458,44.35022534943515,incorrect
139.48006888569188,109.00283529552604,118.13659617305807,55.22697741350423,incorrect
72.2027334965658,144.30358969238262,140.5176735104118,89.07832719817804,incorrect
83.01580061942346,48.9956075314779,97.14326953357693,93.18148661721831,correct
59.697905194314245,171.9980788741554,117.29019005515826,87.68546874778112,incorrect
111.11175160746143,80.15312617800859,170.5395423600741,95.41060535900681,incorrect
111.09886914543111,167.9413767447642,86.60940496729702,157.1541822380289,incorrect
45.429733013319236,176.30940037669976,55.068302708131114,105.87086427701959,incorrect
171.1468566277546,68.21130235855634,147.44496086305207,112.66795162600533,incorrect
30.276107509711824,71.07680590874027,123.31771312221079,161.09208495369737,incorrect
51.6897871520222,85.18526653906636,101.96424586662617,87.17446188137711,correct
152.80540263064404,103.3244357336474,138.41153107183374,45.79723594389108,incorrect
78.92624783511917,179.2024321459568,145.11873628133887,40.11187163708204,incorrect
121.70647203227959,154.97697328404848,63.78770764309909,83.23997981524542,incorrect
40.354245515403846,144.800120710575,102.27420736744396,69.77232706748447,incorrect
128.76487326252075,107.80651308100684,179.40218990709926,175.56482366130638,incorrect
141.27498962050385,126.37030442979204,100.0152684738864,83.418771024181,incorrect
153.37872448618805,75.76577624492757,151.15203355403838,55.697984334983275,incorrect
103.08101008390346,37.60221507868725,87.13674540890561,74.16056274105071,incorrect
84.12380821574392,134.36328794292243,47.65879775838778,71.13065096524343,incorrect
129.2778205429691,36.70917124917866,38.24127103198703,46.09458517802865,incorrect
136.5687214297292,164.70317604294098,84.52278919301264,118.42903803126507,incorrect
150.82177315588507,86.35186533004685,174.88033992554963,52.334652851725025,incorrect
67.12296288644339,143.19699371287138,103.24022925570563,110.68563221866705,incorrect
94.5676195975035,147.1100720274231,74.71979378933734,150.4774925720962,incorrect
100.02209999663562,34.84243481515057,170.2966593812619,179.69347010545826,incorrect
131.647619743282,156.8027486790771,99.17446034312387,37.35622226742438,incorrect
73.9352323828027,169.92462429793673,144.5079130326069,154.97363346445331,incorrect
33.30273235326597,111.8854210920236,112.1458073106063,130.97365344813204,incorrect
93.58641884460215,130.85150818975387,129.9045226454033,167.96763208975898,incorrect
48.44209372447639,104.4903411729658,75.9376962924299,127.9706405438555,incorrect
49.730736510163595,42.33379409663341,103.45396140725363,151.67825886667262,incorrect
171.18616785378288,55.31180469322594,134.1984541588501,176.07562687011173,incorrect
73.73395165174662,109.82782862633316,117.01200043877404,173.96341708693527,incorrect
85.98742997942259,68.0719554613641,33.77211460524066,91.22587765404069,correct
61.175708776462756,164.8434512355494,52.75923782293775,149.21944402057716,incorrect
143.91613907068898,45.949315707276504,68.38921383204914,147.66872592922863,incorrect
52.61821081618233,66.20001515459803,128.27891642790215,71.94073595784855,correct
57.155662724656544,160.75301806239156,153.77618759873013,98.2841933093663,incorrect
33.937857116261526,107.61079046090327,146.26799052912224,146.30201279992934,incorrect
172.68263370308608,87.25943542640756,42.895793780348995,124.54013791261453,incorrect
82.74672273977106,47.455050698655214,40.905744118793315,92.76198305506395,correct
41.24573781288322,44.007040496866914,135.28050905203088,160.03614979233276,incorrect
96.08646433443991,107.4200093611202,42.9205794591407,91.24923427880384,incorrect
173.96101446315953,151.61042340595816,66.74408231988085,144.9876125520151,incorrect
170.90192631780556,152.14154021619925,171.86160629833506,59.76191880480866,incorrect
81.79103207031257,59.131528956852094,131.79239513159553,64.9184814238353,correct
106.2956440389129,128.82999887138405,127.57703669770274,58.107534878117164,incorrect
163.62092432193802,96.9913773750359,69.96870067321889,133.79291111452574,incorrect
171.4163816521985,65.89320888328906,87.18130734487877,111.41188832432833,incorrect
116.13524499154512,51.584953411327604,106.1497244949119,36.44547751215942,incorrect
60.173697850951015,153.1225438058823,55.5145942558197,171.37026087234102,incorrect
98.32337922825336,126.00745457808385,149.85184644403097,142.20069254910595,incorrect
81.75554270880806,149.58563991144894,109.95463871467595,77.57952804499416,incorrect
37.91884037391644,142.7192733386236,114.44151335193968,148.1822636313209,incorrect
70.13704683183008,55.14213825099724,51.252339655880206,153.0438326290017,incorrect
46.33189012916886,40.97653560645112,94.93109114431913,115.90478571638552,correct
132.8313914025954,127.34194092953788,47.76785408008574,73.55855248456248,incorrect
44.14861409435028,43.364465183588734,166.4927718803302,149.74382237854297,incorrect
88.34789395756565,92.59118936362306,119.90380203491605,50.36016270143766,correct
118.83505223536824,126.29536116024472,31.76317685521468,178.82090112605204,incorrect
136.90784411571087,170.82632755623445,144.5265743432248,126.42318215359678,incorrect
35.52405186983776,100.21699655003152,128.28659251843231,116.81044257483616,incorrect
165.71456968015343,59.44925289869299,178.20445336926693,158.80205342526477,incorrect
128.32736478774623,127.7803500235318,110.42216323390298,160.94384066043264,incorrect
121.9299592287195,91.66041078890188,99.92683156518432,178.719631162917,incorrect
34.47261444292856,91.91662365509914,117.92956859555751,98.99687199113247,correct
122.17351357803147,163.01579880702104,38.90471561607151,170.32890287865862,incorrect
177.2194459379732,112.85322735688672,54.10664871416933,78.97335231755949,incorrect
171.50315601017925,92.46033162306536,121.92058856549795,125.45885262970786,incorrect
65.98933981869612,32.67963705067339,127.28572562962506,35.578958863625935,correct
121.66052502295068,130.43518779798057,173.97107510330295,58.47028574537862,incorrect
63.25950153187764,155.84840417984415,33.61645274183143,116.21949845315177,incorrect
73.66627485223457,124.76811251530933,152.72615570298512,55.89695493371592,incorrect
149.9351084413634,40.31396796903536,58.22477126102568,104.59535470196829,incorrect
95.39360621179775,38.71128465179112,86.15776184355951,44.61866027230777,correct
52.333473725707606,41.39775696572281,56.52088059410323,66.12827240342716,correct
170.55237471216003,159.42300559735148,119.06260955653556,177.48956383568859,incorrect
144.4579208445222,55.93775560126588,83.67790896564532,126.3929999929178,incorrect
168.34664483034882,108.56983265191454,111.26263974084257,37.2096980200432,incorrect
103.29214238668459,38.14046720372371,175.85144980183824,31.05085718874147,incorrect
151.06519856919624,120.37573598915195,73.87419078617167,176.79335513107813,incorrect
115.18797213377955,122.69923391183382,96.77087495249135,128.57179834723308,incorrect
62.79559253509702,113.78619085087426,62.07664230380255,92.02609226324779,incorrect
60.02495615768611,162.90600099081988,143.00669582393562,112.14968609624532,incorrect
63.58269148264934,53.00134904751913,169.3530123764485,138.3387221711963,incorrect
32.69560356007667,101.8051704977111,134.50012744649467,119.31453352099928,incorrect
48.9751646044684,52.46416394793849,98.08883425952956,175.2664202813541,incorrect
128.59811382105428,164.61175266684387,128.1358741349897,82.09712045082156,incorrect
90.05800272910125,125.37768725923486,90.14340399931893,41.71388157410989,incorrect
57.13683823235175,123.89488017410953,68.83260728248221,85.86409787053766,incorrect
121.1861596371208,164.41646028568854,97.62129306794695,86.89397672597188,incorrect
68.76803755059645,113.36180484544384,160.57059626716133,102.0492520853152,incorrect
87.50206821125639,169.80906651904195,100.89844837709789,35.88370529622824,incorrect
50.7422054665706,94.18208804038765,40.745864245855664,158.0286724072071,incorrect
154.90311671505702,87.24740356049199,77.72438419735434,84.78919659892253,incorrect
40.048510459669046,102.43750745320027,175.17910891136466,164.08030708194093,incorrect
85.47837282686424,163.8354333703896,157.23790173651724,164.19535593303686,incorrect
139.91480905838546,71.88495659077007,134.5361329681359,48.74237969068457,incorrect
179.52697411202996,104.7791292208594,34.35449265073229,151.4294524503254,incorrect
45.96669247347957,43.24819885035532,51.597929435585776,94.32290314145148,correct
150.74498270869336,127.57555478594453,43.35121884091496,121.68503335959744,incorrect
51.42761504753019,107.74990999704019,30.49999640903542,79.71352812538558,incorrect
140.04980876877062,167.52488646632867,124.01803858471366,44.68086657458021,incorrect
35.66858832589876,114.76096965224176,97.82137415356495,57.03625459704982,incorrect
35.80907621529145,60.87592750782033,75.32583239761159,126.51937144410508,correct
52.70692318191115,161.03816692935678,95.14313124076693,30.16026674279968,incorrect
106.19981822835132,119.04878526808373,81.78047670089975,142.8817060816159,incorrect
91.62309912685731,76.65295545661343,61.00722660365712,63.454574195096576,correct
68.06280968397009,172.14661963058782,173.98741528944848,58.838087919036056,incorrect
146.22565177503338,32.369027889854124,135.75298058877706,154.6080381207548,incorrect
160.19792290490824,86.50534461708764,127.90710590327627,55.02680626049868,incorrect
63.38098199828093,73.15347181753233,171.00496858223676,89.09786470983339,incorrect
134.32686338208933,179.6755339972254,162.67991605333864,158.44916240190605,incorrect
52.12535150576905,158.2750943899,101.96030365744413,97.80422670366119,incorrect
34.510859653567415,135.95026908343857,169.07520127347343,99.5882396398408,incorrect
89.9073101648869,58.09583363440526,143.8457786723177,154.9319153871561,incorrect
158.22816722768894,72.32170705049415,173.47836317341466,114.00142992637973,incorrect
31.087295415630802,163.3791940026476,50.52649934060793,129.10667360635813,incorrect
178.03579398566063,108.18460153217409,138.45753735620607,42.05921244850091,incorrect
80.15968450450906,95.03069210862513,153.0725062280635,125.56148946279009,incorrect
83.17589430691206,37.45232830119437,116.11427322028017,142.4638856510617,incorrect
177.9005465587796,155.29824686337764,105.07380013805108,61.16252540929838,incorrect
48.51025886042602,141.0675775758412,94.10273068966552,33.085727749423334,incorrect
165.20356227686366,66.24039112776899,163.22508003212212,88.59202231050864,incorrect
93.18874668373627,164.90243250782797,63.30714310690752,83.43042200604594,incorrect
60.85068002321316,80.44309955095946,40.13806356036326,99.34058431312341,correct
95.85821365454605,159.45208120477136,142.59662019991703,54.71451587389892,incorrect
31.62417223801002,131.64497549741046,109.69097945528146,53.023064094841565,incorrect
92.55838241046827,100.19069160779365,30.341344302847634,119.71635417143062,incorrect
160.49521477584557,154.0105887660444,87.2323593509512,56.17631322582113,incorrect
129.50259804536734,144.10189147775435,48.07812889202666,105.20299319577359,incorrect
168.59851267395516,33.24158051371064,164.73450181370177,148.6084996603334,incorrect
101.95782606189998,30.896002901703717,36.77482920032843,62.69992597701599,incorrect
112.25277769256031,70.45873762147914,61.73784208512346,35.324710787733196,incorrect
64.41896619900783,158.1698024792174,64.91064545930269,103.78052306542672,incorrect
74.96192365139562,89.9562337409197,114.89344685935252,72.25453839120408,correct
66.41356488842999,46.50715189760136,93.22609212088744,161.91531940488068,incorrect
110.86052278484941,147.761692979806,60.93812552060812,93.1269426574899,incorrect
71.71482187849205,56.634776378769864,102.80701938045428,36.9117704113842,correct
160.57213814739126,176.08294630996735,37.829997861142715,101.96423440802675,incorrect
51.47570425309096,70.8450590670135,44.6946709483755,34.001824946648526,correct
97.03833020133848,121.60567845653384,161.78491507706278,82.95742631164262,incorrect
151.8786017046728,61.0109837257546,108.67435570273484,79.30926317712463,incorrect
85.57845354564643,90.00716975905269,122.43497702667884,67.6803058871422,correct
142.10682955236092,162.7205147495457,83.8307094087005,114.0220250631497,incorrect
62.51687630380999,106.58651467098112,47.63791607722523,130.50336538318868,incorrect
39.33155636134326,125.91859776640972,125.34183756520268,83.6643531591174,incorrect
153.92315917201364,133.59763111366522,118.55149193495284,49.95069182118024,incorrect
172.73041069129522,109.11601581300903,65.57331817726885,104.36191562191655,incorrect
62.71951892328253,33.63039922542312,76.09711201741402,51.489299051929876,correct
88.60928291924562,87.33608377329296,54.286145437211275,75.60960315516668,correct
