angleOFknee_left,angleOFknee_right,angleOFhip_left,angleOFhip_right,Label
91.36777449791992,83.4898591038623,106.4214391317312,109.04774089899684,Correct
87.16336756171654,84.85041206592963,94.0801494612158,103.89666821852325,Correct
92.92509394970445,82.7966367784491,90.54918031835669,107.53580236744224,Correct
94.57594415664336,93.31270916424513,101.71270799168408,95.451703928464,Correct
87.1937136200233,89.95149966391767,108.22668418298855,94.01627235201984,Correct
94.32019869038619,89.77769740568175,101.48105820096129,98.79301621616216,Correct
80.93615110327775,87.40524830253621,99.55736134677883,94.11122606236124,Correct
87.1667355421213,80.34424038701691,97.28435456476166,93.05939374802148,Correct
93.69485960159466,88.89759170668067,98.30762534589188,93.73856902879494,Correct
83.2369814776559,84.71267505788597,108.36403118526158,98.85601491734974,Correct
86.36132195549888,81.94418186248244,90.07672051268798,104.30872488071941,Correct
88.66664664092772,82.9795104143504,92.00538017151729,108.69155824851723,Correct
91.56060247993577,81.78022997960953,92.10824656652143,107.0599695299134,Correct
93.76177535970515,89.26111514235751,108.0487805778011,90.23203194712438,Correct
85.98383243538203,94.59458530841327,96.84762525914118,103.37273424041814,Correct
87.49675334269075,89.41796672314679,95.5909723135238,94.94887225669203,Correct
95.5508317727811,85.89590495174251,103.20760726880596,99.98059617441588,Correct
90.04525097472063,85.99317349555729,98.19717283691736,97.0451133550495,Correct
85.37373215001158,84.06906520460969,107.69526867093467,97.71173539995849,Correct
82.25037002458879,85.80837887944968,100.51708811351321,109.34903629946848,Correct
93.61391222832711,82.67063438731127,95.85272029454748,106.45081864598637,Correct
87.5200416795097,89.64529317312952,106.69730759903115,106.51430943765823,Correct
93.00607781965019,99.09092225695699,106.16294384047556,97.11157198349906,Correct
87.72330431637106,95.08669154483451,96.39731127617769,103.79001559781392,Correct
98.54266592098324,97.35209028696707,104.50518492169171,100.36873562745656,Correct
90.92756013963982,89.53064955654462,105.83290505946566,106.31167068100441,Correct
93.06471751769469,80.18206573610314,107.3674597359963,94.27036426456725,Correct
92.98533291374041,92.64883766379046,90.48086687555345,90.96660207585975,Correct
92.19567536755702,99.51616237661405,97.68760307080541,109.58748249024222,Correct
95.9412486703145,95.30878452326235,101.5979323700585,102.20190698183347,Correct
80.0938536736882,97.08388290248863,99.11501475409736,97.33004305654647,Correct
88.51954671768625,93.67725375568453,106.04539323065009,91.80971768403282,Correct
83.32508816625753,90.58781627447534,90.15376826578336,103.64928879539262,Correct
84.39790581346479,85.26600546007913,107.53593793396976,109.51933525342316,Correct
97.47310283509759,90.28043609665946,105.71996954558992,90.02066354992269,Correct
84.19860322466675,91.13937742993761,95.05967754432507,101.56683434376056,Correct
90.86602854861451,94.87132490712486,97.59485255117451,94.11690481676973,Correct
97.72442681788218,94.29165713774015,92.53382797930954,104.40430245748017,Correct
88.34445214725116,98.96262624405364,98.26089114288038,106.14434608350811,Correct
80.18678802031133,93.00772510084701,103.32676877372391,106.58448804801941,Correct
84.82935514865599,97.14954475205401,106.14778609445968,101.16283314311256,Correct
92.27180498259082,83.7814899067088,102.64899153259937,91.06833044711611,Correct
96.92696473441067,83.13343861336213,91.98656875834581,93.441150819733,Correct
90.98526536270789,86.1756293289638,92.84215371804069,96.38353551550115,Correct
84.03616306107322,80.45541409472293,107.00202662446307,105.76874307617604,Correct
88.66465366721303,91.29532968383901,100.62929401782475,104.29667184197362,Correct
84.81406906425332,95.1083250707016,109.03486230279313,105.84129661094231,Correct
80.43010427596417,88.03118798323015,99.91598734622886,106.67226991513489,Correct
83.77505069835614,85.51927719585224,97.56511492481619,107.89137093741803,Correct
97.93432206731683,93.7509152964212,104.98544447887213,93.15689687348872,Correct
96.78473424070702,99.74406376706634,103.43317243820272,96.2250213077501,Correct
86.57207333268548,88.38539771804344,91.08552335277548,109.04681102899441,Correct
87.82506668028249,92.43304774819559,93.08360871732748,103.74947266136986,Correct
94.73056036385613,89.07346967299345,103.36555876182739,99.83748432678794,Correct
82.13658351999408,94.97465736355146,92.38542125885927,95.36893217476243,Correct
92.2928247054486,89.35102521966331,94.65175198504498,106.42417979153586,Correct
84.29321070764684,99.97238502255284,92.86054782617383,91.15262729333942,Correct
85.12260244931586,85.63028820325411,94.11592865931372,90.50378412155236,Correct
80.32263781092315,91.76105725909618,107.7634390135863,95.96387602868508,Correct
81.74976552489453,99.06857735232678,95.75999163192917,97.33261572455535,Correct
87.97828725415049,92.51603497301656,93.09661679955654,102.61621438719651,Correct
83.76814191616631,87.3971206699154,91.85744381613185,101.39626529709108,Correct
84.60770951779008,95.74099795144971,100.6732146274267,101.80520814024919,Correct
83.63248009483861,82.96836313612785,102.28795129061555,106.52559987685298,Correct
81.35557632630082,97.32808305427045,96.91352811988627,103.79859399412335,Correct
91.07109207189262,81.72552430496275,104.56628963804782,103.21332266685269,Correct
83.95336629439481,90.41684377830636,98.79343490427401,102.88228351365295,Correct
99.79505590296375,91.58910004762336,94.44386015995747,98.47899492460988,Correct
88.9718049101255,82.16712818429166,97.77812976735203,97.60714348559415,Correct
81.70050633632866,82.74881614332561,100.41931698282471,105.90008655492639,Correct
90.54614442237563,91.09566129572292,91.73121166480932,91.75541754969097,Correct
82.52280031335536,95.0809477413878,99.62014821423807,94.82272465797654,Correct
83.89192447049459,85.00460734288473,92.72655494194667,100.90813138369475,Correct
86.13430280879707,95.19892979338672,94.41564485678758,104.10517440483933,Correct
95.5589236158492,86.0739280101774,101.22466402696638,107.7328225828679,Correct
85.1083563408746,97.06745661720973,103.87740989713063,90.91507039140068,Correct
81.5672559744685,95.12921956851709,95.40727177891173,106.63943585222086,Correct
95.55691173673151,90.93336726095981,109.84232699012165,103.54148067613069,Correct
80.56829815672543,96.52204376404742,108.98044751268095,99.01371956526184,Correct
82.81118697535499,86.87541531091071,95.31724726587316,97.9157981532143,Correct
80.36336840537675,93.69672755509788,105.7402762428478,108.4384582782936,Correct
96.22985796297664,87.46604435877597,106.3733915241113,98.7051488184837,Correct
91.66086031278431,96.9635844693882,102.21524966047477,94.91538610212203,Correct
98.63523438344133,82.66818801940947,97.05784391207004,105.18198429278391,Correct
86.39269092005925,94.05729935583082,109.12737576252374,105.05592536612048,Correct
99.17491698302551,81.71039919508983,101.52624288369346,104.86688449496815,Correct
86.30527279291873,84.37775328691626,103.75124297869566,107.27010788281879,Correct
82.46943214448241,80.70731671708157,103.98094237897425,92.72754873528869,Correct
90.82822696238856,90.52115543216695,107.19665361947716,103.85110720902891,Correct
88.86822766325999,85.59934751277851,95.8934331707749,96.01486560922929,Correct
83.59725820017866,97.48436284530959,108.40688725587854,99.88663845627994,Correct
84.1762423190718,89.22477085842263,95.14275446364505,96.49236346513788,Correct
86.39547064733159,92.9633945814816,90.52778255462927,104.74883894863135,Correct
84.59169319375746,86.03058769744119,105.11503133476235,94.79652145956423,Correct
90.82350352548059,84.6640671784725,96.84496306977823,105.61258110037991,Correct
83.25117953005372,98.3816342597223,106.86056354925522,106.09269507584207,Correct
81.85624508488041,90.06461619044403,106.34680998243229,109.69171808651974,Correct
81.31440776381973,87.98229262763235,99.01279274880572,102.921575131605,Correct
89.99373816928666,86.88091505681258,95.68147716017113,108.05099566635067,Correct
97.09763650239466,89.16556194546884,97.61772033528202,93.28510903571079,Correct
90.59035725554196,83.32715808921654,103.80038303000295,99.99509547586976,Correct
94.41283265156304,97.61424825783376,97.89362761120486,95.75981407594156,Correct
86.85336341143403,88.52978040228504,101.09083996485695,106.1794896946989,Correct
98.2523243731713,93.34241773368585,106.40676078530456,107.44721415060837,Correct
94.90905621711745,84.5648490588063,102.29164269037125,109.46568161152594,Correct
95.94031877385036,82.95541575594679,95.85388377433787,93.63141641719498,Correct
90.01574614760177,83.38026100890804,105.56954050995637,103.47653313260665,Correct
94.19492334146898,99.67300339067194,98.98663667349345,109.74613125771872,Correct
95.95894857306453,83.96842348728687,96.7087751335561,96.80370540344548,Correct
87.05648370340711,85.06448487789203,100.2184291265458,97.9807277488184,Correct
95.80490470833486,97.6518756194931,94.01478038388365,108.52475887848344,Correct
98.12682384282272,93.25162148370242,95.12889912688674,99.03929016678642,Correct
85.0896077224666,81.6947683229927,98.34506008958763,106.35410781583349,Correct
83.12910943199375,97.15903865111238,92.17948612686551,101.1693540730219,Correct
83.01226844909863,88.31681354979725,91.61398784268302,100.58279792377988,Correct
86.47323097378005,98.47973178504387,97.46991723251918,102.3476210669111,Correct
98.59421987106607,94.17575688389277,102.2880739349106,90.33151079485827,Correct
83.60559060078701,80.16480408716264,109.15247705084579,108.62970811586791,Correct
93.29709491661794,81.098477273878,104.42646021214706,93.83799657146339,Correct
82.13863140165738,84.81974726246601,97.18236117260578,104.84948186570708,Correct
90.65788491396175,83.02512681460084,96.51201058644543,107.42637232331599,Correct
99.99064414722466,92.15413349641804,108.50179659576733,103.28323928636632,Correct
85.38446700660519,93.0015904372792,92.9673080708026,100.474174187165,Correct
83.27861237240063,96.77570640224386,90.97676620831815,93.93290860479566,Correct
94.07372188227842,93.60160811588023,107.37261440324023,104.54992049904918,Correct
85.19964242068853,93.76997331462137,105.13286749075388,104.65598521147895,Correct
98.42587825236832,94.30087551240284,97.8293685547021,95.68216394823197,Correct
82.56171445161743,95.52214671812978,96.97110431365698,105.59977079337938,Correct
93.49041412383079,98.20454497528853,102.13660486986875,106.34300949118985,Correct
80.1300083339841,90.37081898038772,91.74434722309948,105.08552004448728,Correct
80.72475790483614,92.4325180361533,91.77260593757562,93.83058603107678,Correct
86.81460926056515,88.11838362007802,90.47548596634095,103.8494215182005,Correct
91.35573459820748,90.09757964749691,98.7487831905168,100.56724040918256,Correct
93.56273188252744,96.79431585702211,96.62686422152458,94.89741691490765,Correct
98.07129392482707,93.6981752795997,98.89721605072975,96.83033024200195,Correct
99.97811984073186,93.90749120831194,94.86996896819241,97.84737927889267,Correct
84.84904710663021,83.91330014225618,92.14591883128182,105.15739815060797,Correct
90.65247593421563,89.26212713651813,100.05778948280299,92.35668222028424,Correct
98.1061498010243,80.48693274536323,107.58945961570458,99.66756687320691,Correct
89.60960091238132,83.68836403419884,97.25120714947828,109.25862901969487,Correct
81.80640851838818,91.90963776375023,101.01609284613,98.37479290840808,Correct
97.8028011874988,88.02370868471527,94.12120067392291,93.24338941081642,Correct
92.83779712846551,83.07695414499584,97.93987902634925,98.25988148295366,Correct
92.50581454923497,87.6629755281444,100.95529937945383,101.11420640126221,Correct
91.87501013313124,81.45309721464858,101.14996454880222,101.48929293605029,Correct
93.17025111351782,86.82335800195514,108.92818595179973,97.64831941795214,Correct
85.36951103947445,85.49057358574824,105.1673319648051,98.75172753458948,Correct
98.64945280447841,94.34367145739759,94.8713638935495,98.85907507280801,Correct
93.3290199750468,83.15603441160398,96.32042506787893,108.07367178845982,Correct
83.43410318638452,80.19795078060372,106.42422358457742,97.23520482674043,Correct
94.9578769691989,80.16911187424193,107.53779502613992,106.86639794729,Correct
92.74273379095455,96.76772645000545,99.85341704695253,91.0847514961364,Correct
97.67512951500689,81.71022953295487,104.85932307002537,92.33810126364952,Correct
93.65131957673789,93.88301020085743,91.64554451324184,103.03589891218569,Correct
85.98357803048955,90.3996560243321,93.47444048225155,96.93632640214629,Correct
93.81972616938452,97.44351104217152,107.7502922333798,97.9383475256132,Correct
93.60291759019229,84.77735096321989,91.58356692525867,97.68830798013549,Correct
94.01273594013095,98.38516098954432,97.03568791261125,97.34619831686732,Correct
84.53648491694706,86.39635958018106,105.23844767434221,90.54953839186827,Correct
88.01222843983513,93.9740788219443,100.249082625596,92.714686397831,Correct
96.21933729856549,98.23429487667629,99.28559682561462,97.10309110273833,Correct
88.96229420089517,87.80307653596883,102.89728554365249,97.91653496770962,Correct
84.85004669951917,89.04793946419062,102.46588054311354,107.38704277847128,Correct
94.20472184927407,85.95838983578378,91.78234756525913,104.82843965451086,Correct
99.61267529491965,86.20171492032759,107.47233745375314,96.84325130084156,Correct
91.24300271939047,93.41427506058972,100.2363881131044,104.53349100096308,Correct
99.26307092004438,81.16324251280075,96.88188738050616,94.62385817573592,Correct
84.73552357795488,96.66405007410216,93.93088670503366,106.53524490004072,Correct
99.5178455129048,84.72129393795527,106.09208735106806,108.39194545713522,Correct
93.82681836185459,86.46014114795392,98.3790259738723,93.7649483427391,Correct
91.72384618579393,87.10856236452001,107.3265756731812,104.5744684521763,Correct
97.57056667378627,93.43274124108659,100.21512173528495,96.27627303542438,Correct
81.59575000864706,98.19231431299285,98.82719004720727,98.0113857662249,Correct
99.24393673687868,93.81324550943985,100.98639569197373,98.37763725467997,Correct
85.11171839166398,94.58214320254797,103.73659170323863,99.6834040651718,Correct
91.32627852571905,95.57302050103547,100.33533421255558,96.9260013915209,Correct
84.45649474682601,89.77054626292748,97.98730906183516,97.29691765952354,Correct
84.80196809798603,88.01479025491294,107.77377289917786,106.61738274685939,Correct
81.16651315704078,96.9155168768425,92.81589849483386,94.51255452918225,Correct
81.53578966994095,99.79510477198541,99.35243135479347,97.11835425092005,Correct
86.58105272166779,80.13003529845811,97.57851952536525,101.03789210096981,Correct
85.40321339705727,99.64731695253325,98.80743247447836,102.49754598850515,Correct
89.40182082554088,97.5601602516686,94.55786776343915,102.4620946644271,Correct
87.017936796858,93.17447238065066,100.84198738065699,96.18926551600204,Correct
88.20931570649343,89.99877222697445,95.33329411688314,101.15381633572929,Correct
92.16740093722917,99.49706849728706,100.37650293505493,102.38029170558268,Correct
95.97764388231008,93.59681516635337,95.01367854971181,107.65393924539785,Correct
98.00847008865338,81.96161784929434,90.32947502384508,108.18654831499697,Correct
83.81602642308977,81.64935212219625,94.54124248160886,93.51758118580192,Correct
84.70998841473146,92.3505146934214,100.59771372297224,90.31919254601985,Correct
86.80916659061111,93.21652258095243,101.4185000348812,92.05445259225314,Correct
97.01677910298767,82.73651090687454,105.42906070478651,94.49130677168883,Correct
95.69096179718113,97.51910965435923,103.51101745098505,98.66678308015638,Correct
98.73889345889441,83.11336621691575,109.59757758970454,93.32808083658381,Correct
91.38248677753587,85.04486013668934,94.44193515712425,107.33088877882422,Correct
91.26751386249119,98.45250110569455,90.81443723756416,99.27980586518754,Correct
81.79753325470661,99.60973923030991,101.23268995578957,91.37593796769546,Correct
91.14829601142374,91.60247117698384,94.7461546576389,95.97471156029616,Correct
92.39149256383547,88.82745015370728,95.56675319890778,103.06364898437006,Correct
94.67596285277908,93.22990670071151,98.68976773502233,96.65415032745355,Correct
97.75484273314734,91.24195764895427,106.78654880247538,106.07808290608943,Correct
85.88247196183498,96.3204661667841,92.05822870940571,97.25082350774724,Correct
87.07169196183101,95.5487685779776,103.30244271433321,103.58042158255331,Correct
90.58286664038002,80.79456618788426,101.94778855185713,92.6668314777081,Correct
80.86292626176787,83.66466086567375,109.79637682499984,101.6291783091919,Correct
82.50060433692873,82.93454493726459,109.50404585266543,109.60862712315014,Correct
95.56852861273428,80.9354818208859,106.99647159674929,105.09127389480858,Correct
94.7250479653506,88.01587577909746,96.60491412683801,102.49435968463821,Correct
96.94581704544834,85.4266438137071,105.58984376170788,97.81314629807326,Correct
99.21911975733934,80.41503675763677,100.37311675567358,103.02555231629407,Correct
95.40008136444425,84.12340475022147,106.27209456276697,98.5818464767015,Correct
99.21805684747955,99.63537862732116,98.20128013073118,93.12475527729708,Correct
96.0223800184173,86.38063412160736,105.13562949040498,98.9567879317652,Correct
84.51886068758861,83.47188248471788,96.98375686277274,109.64311950779667,Correct
93.15169097241167,83.83513419322384,102.6690650728777,93.81267636913674,Correct
94.44515109337824,86.06112750853197,105.24543923035162,94.24517808140662,Correct
84.05170740433562,93.591300996411,93.44913049341807,106.54191424265616,Correct
90.98410009572137,87.69338353749654,91.88336712087514,94.50144667182354,Correct
93.35672254229065,99.0364007411535,99.39441811989414,107.49754762110445,Correct
92.55434929406309,88.28104705098514,94.96975406442097,99.15378651505361,Correct
94.30511299203297,88.15466063649566,104.5962512580129,100.33459338648187,Correct
83.16354260228302,98.80003795661311,92.39948219334607,97.58992670260909,Correct
83.63758751052744,92.15081473678687,93.38593378416279,97.12674007915034,Correct
94.60151674746405,96.29173414740836,109.21631773535796,98.38477015233049,Correct
94.247717877839,94.79083784982402,100.17695809011344,93.81346358570309,Correct
83.04225313538784,82.39833657332268,90.72969199046449,90.91802240384702,Correct
96.51275288517404,85.67003488097563,103.2672166887784,100.08558663101856,Correct
91.58691185822522,88.36264757756133,99.18928583887913,105.94193088920925,Correct
89.2516262426638,81.34866276491307,91.31227738912294,107.60906788421781,Correct
96.82246930773482,96.77444248425034,108.44058976137569,108.26491085084197,Correct
83.9199431511242,84.29298765458513,100.77289713814059,105.46172110995245,Correct
83.13636496997798,98.35078649543041,99.0556387669025,101.75505595506844,Correct
91.207504872992,95.13250549407842,96.10988836446097,94.14085987361827,Correct
80.0597327145538,88.74986712043524,99.23614370696187,102.59351032167677,Correct
90.3558352973446,86.05173108306599,106.93635331450183,96.77320841184809,Correct
86.15958502273833,87.9839765675994,105.1258983776494,93.35853581757408,Correct
82.873425868282,85.07439270781562,104.39455463933305,99.28889252780573,Correct
86.37624716856796,95.68921649424234,109.19525745577752,103.35570283424536,Correct
97.14986260275214,91.03693983724888,107.88902802060949,93.34882075259837,Correct
96.54095471596705,99.85388982926389,105.1454354715637,95.82615645585233,Correct
81.73753954248477,94.41389538395914,106.66192168557745,97.28357061968251,Correct
93.56075062180739,85.7783765611477,101.24084929851593,101.07572490478353,Correct
91.76658359168522,92.27786357926334,92.39335764079445,108.48722581733026,Correct
80.79421631518767,92.52569063323489,100.07246573616489,92.09304828055886,Correct
86.07143507319822,90.49715393617535,104.8474362794954,103.75521096824413,Correct
95.81760806712161,83.57273491754943,109.2331255992045,94.02083963607416,Correct
87.59233855323862,92.25096306851924,92.31212694625744,105.64203635193576,Correct
81.10478572579007,81.53176813477505,96.99773182420077,108.66071274775283,Correct
80.30204935846018,93.87895110364343,98.66439094307634,101.38778658565792,Correct
93.81327310299469,82.13329775097084,97.95799904475439,109.58719963966772,Correct
90.45924478117398,89.94827682966731,91.53644108986488,101.9614788455093,Correct
81.6225053324437,97.53867406075517,97.76554460537668,97.6352864926959,Correct
96.19659860973326,97.51465091846634,108.6015520602415,99.85125777159689,Correct
96.23931322505175,83.57137531237073,93.50008743651901,95.93952119855074,Correct
97.0086930431186,89.96416326117799,90.06221429067132,99.91060347125565,Correct
88.88287780555231,92.7227233826189,97.07256023565658,95.21282426772828,Correct
84.36839405560775,83.53030006696582,99.39830036985491,105.51946108330428,Correct
88.715451493966,92.52406180761275,108.28645969752776,91.67259516822149,Correct
85.40933746200201,81.28227950650678,109.08583107298098,105.67911067754062,Correct
89.01101614230598,83.99642564810162,95.40138296119858,92.6746981532578,Correct
84.07763026768936,93.67926704062397,98.27501881835207,98.12052724954594,Correct
88.98608822843346,82.60757111592754,102.34301985446682,98.9360559598059,Correct
89.19398008544022,83.12021875073633,95.37991338168591,104.1562219461078,Correct
87.1008369193056,92.5878201928582,101.82550283651427,105.99911348101709,Correct
89.42886691449027,89.24344310355542,106.50603627373586,107.25752457488542,Correct
82.01846149092219,98.911903303759,93.32855430494047,91.62834533756188,Correct
89.38998234770334,97.187493532969,93.41770679506122,96.62496854231145,Correct
87.50586081954589,85.1516168561047,96.2254370848059,101.01527756987625,Correct
86.89391151220127,97.42353293251475,103.07867408161425,101.94761831761427,Correct
96.13287431155298,82.4128788245019,91.78624775143123,109.40607527431402,Correct
81.8160011622391,95.10095301240669,100.02996992251376,101.93294529374457,Correct
98.58561089177553,94.61726339516677,108.12599641811309,103.96282936677139,Correct
83.62032434145276,84.42654551052189,102.49033650590928,105.75090051678579,Correct
93.1593981691512,84.18760890095255,95.67210448024721,106.28196949192713,Correct
81.04905401061758,89.85422441518065,92.2996691932066,101.0586508614522,Correct
81.57890618672158,83.68494458060096,108.82937971991234,97.20824170515698,Correct
81.6169088972591,97.72530723981762,92.25701736780671,100.50220000638171,Correct
98.1478126483525,99.37918534949856,99.29812048534222,106.917131297943,Correct
84.47250888314866,88.85932190418285,101.01185640156973,92.89148058642884,Correct
81.85737563562623,98.77752117755261,109.17314987907999,95.1157901259129,Correct
90.30751601778108,93.70436280133578,97.92966544253255,105.58384471117829,Correct
89.63448153467502,97.52496075604978,94.02622962490655,95.28143554159334,Correct
87.86126025597802,84.36757390761613,93.73384465829429,101.67487313882339,Correct
98.30818003419921,89.43984831940155,92.41459024334242,98.3271474710447,Correct
90.8744944245378,98.43789930514174,104.20300162682649,92.89841973134406,Correct
97.16711594474049,91.74759129648942,98.94847153968593,97.98642896422758,Correct
86.23228028293191,96.8980579981621,100.53008515869448,97.91389797709091,Correct
94.0405138294724,89.4966129369808,108.85728593443989,105.97777470005848,Correct
81.84690261477986,89.8454827004307,106.09949364237431,93.14512347421841,Correct
96.51661177690849,97.8247230741634,107.7280697507372,97.70729009712984,Correct
91.74237337058506,97.72045954724511,107.71352435318023,106.58739346887754,Correct
86.63531334426591,82.49721137714691,90.00478557877169,105.28468156867541,Correct
98.11536692881639,97.41315340359164,96.46964674241605,107.60178553044318,Correct
90.13613840117733,81.9471500128313,105.69029912299918,95.41269760139636,Correct
84.97640677864655,97.1728431574166,96.30057997109584,105.63350455824045,Correct
99.17330521641787,80.08645335093331,94.38653100850898,109.74085085450633,Correct
99.7510215999897,93.38912860621541,104.3903636465475,91.17183200669035,Correct
98.12248291017681,98.91341438055848,100.26846216644259,94.67279419695261,Correct
83.114992571059,85.32741708077519,105.79377299147238,94.58428010090971,Correct
92.31042831755909,96.80166367994401,97.26148084618184,108.27796390296851,Correct
89.8700705455932,89.25009400767502,107.09447534376841,96.8854470757169,Correct
96.52037490957736,89.37686353161176,108.58612972108877,109.16957255114343,Correct
85.97101819991988,83.1491838918898,106.2055185015615,98.33449120617406,Correct
87.89938701998759,83.55730679349087,100.05327006807414,102.15739622670202,Correct
96.59785005393674,81.03763548890522,94.98528518269957,94.04283350973654,Correct
91.67395692340799,89.8169282714927,97.22702837084084,108.61166918051048,Correct
87.54736923169494,99.04192409070154,90.47930998378723,99.72220002418628,Correct
91.76175382128326,88.03236684679568,90.7396434217092,105.73977204746387,Correct
80.54256906793333,97.94740970997447,98.51301795565645,94.91070868217423,Correct
95.87782406707767,92.64637011031554,95.8272094836368,99.25140286442073,Correct
87.64530251434016,94.51016192499696,96.96286375098339,98.69996886479466,Correct
80.5317554648962,89.3566308560387,99.2415843401325,100.3923909423377,Correct
89.36282473254927,98.12531162416107,101.70991511115658,100.98913820208772,Correct
98.95221148481154,80.55312254192734,94.38095623098629,109.9138840558197,Correct
93.91593455054931,87.43054094977899,106.27612681920098,99.91772567901748,Correct
87.57467952356355,91.27232950864021,94.18786315105056,108.62375692706891,Correct
83.24819810062117,83.85304764368705,102.12806931103245,106.13281608977329,Correct
92.34784017588157,91.6008397890182,99.11113284876043,100.27702839402579,Correct
98.18415410474758,88.82588749185106,100.75553942659887,90.21641239120785,Correct
87.05228801874898,80.56872114117937,98.21988617087635,95.22016486101911,Correct
89.64871835580564,88.95761581294383,95.91483077049325,92.5633235482238,Correct
92.75911364114533,90.36285513509235,105.31961026968982,97.39657243135986,Correct
88.42587995397936,89.95219029557109,100.08350082959872,90.5564006985897,Correct
83.37545102110475,83.98616237712133,91.61705361926616,94.32632997748053,Correct
88.48223681078593,94.21579760636143,103.0799902177833,100.04618810651257,Correct
91.95106579889038,85.4766015641408,92.199566914514,102.59072031162401,Correct
86.09181873237176,91.10699815809933,104.92344493971224,99.18664575298148,Correct
97.85665162055244,95.70582171821052,95.87231013846835,100.91636905091691,Correct
82.60916871016583,98.5345611561448,90.58349126658328,100.9589324102201,Correct
82.62812056084142,99.9787488230524,95.9907563261311,94.10488776382502,Correct
99.22050525849644,96.49302832030489,108.62869953578404,109.5988254486733,Correct
99.26151416931467,85.29165718196715,97.09971116950045,99.6895103478912,Correct
95.61527385385716,97.96409385383727,99.42327169691795,109.41331222451882,Correct
93.56259669730066,81.62320773002165,92.83909435872137,109.17940544314624,Correct
88.65626015484885,86.30388823478359,90.48436508722884,103.65604546125573,Correct
86.0654314438242,89.67614216058391,106.98233940999678,91.28934590542961,Correct
80.21969714992937,83.03046766664657,94.0276249811677,94.39004793641841,Correct
95.17052935314317,96.20447662137106,99.45508527524025,95.26455498571822,Correct
84.73801813826518,90.97194424375147,95.65810777160007,93.42441338877919,Correct
99.547315634621,82.80931861423969,104.68016031304543,102.57646398104737,Correct
98.66553551030036,92.23539777491384,91.61208333638766,107.10890893581833,Correct
94.78805761376965,85.22381705131262,96.79038072362262,90.32220956547863,Correct
81.98448462616784,96.38154964742583,91.02842551980929,108.54609348124895,Correct
82.84462093882459,96.57436036258119,90.24550761584499,91.10549067840824,Correct
95.70356204972254,93.77803434119114,94.1681018975428,96.91646426751086,Correct
87.94573316055896,82.48723971429557,102.155380231214,102.18362888874151,Correct
87.81025039078186,86.17023869648035,100.2357172428816,102.50458699320822,Correct
98.396765948427,91.68632576307027,103.1528601511458,104.45471924244865,Correct
97.87864408641104,80.74522088062415,99.4408286812151,93.56853623026318,Correct
81.16794225976169,87.15853656352935,94.02348885875413,102.40654511082806,Correct
84.18455234763036,82.08264115210986,93.15860011378369,108.81866985972398,Correct
89.22005168771591,82.14529814555183,98.9117830106583,105.2658873510441,Correct
94.32346222451312,82.56367762219026,108.68276032338812,96.09027884740539,Correct
96.56916428036101,89.46496125451286,107.68419071008287,94.48648715842052,Correct
94.80181724340117,85.90196109337415,105.35919930219359,100.14518553441468,Correct
91.74614154235832,84.52798997274857,102.44219240561003,101.06446224051652,Correct
96.55542168587772,84.01029188964515,103.1770243033695,94.2047678223248,Correct
88.96200991247112,89.08051023355925,96.80110878357199,92.84711992200631,Correct
90.67287258708217,82.69217366202557,101.01441744838539,106.11296901978525,Correct
94.32563359764954,90.4068822639605,105.28340602699889,104.76144070873904,Correct
83.78462078575387,90.28296524339711,104.75536615136471,94.17546347411493,Correct
89.32339694272233,80.5143490313773,101.81369250007442,98.64110312451635,Correct
89.71062038438576,98.0365124506864,99.59269538655484,100.25430893210239,Correct
85.63922057834424,80.86830836463064,100.1938371681691,105.63180167720543,Correct
86.1940972644589,93.13171410660235,100.8874485869017,93.28210767154415,Correct
86.98710944334697,91.95417173756081,90.20019954114434,92.15756618229827,Correct
92.18842322315373,85.27768004788092,104.27982295956406,90.41802476855051,Correct
96.83499254056788,91.93516270426873,104.7806955852334,98.52195050307344,Correct
84.39791703424281,91.05835243072434,109.31541938452696,107.51363010187947,Correct
87.10294009820389,81.50922228587358,108.23443108672987,101.97400194590492,Correct
97.18810010557746,87.14910584207776,96.94436908400274,109.57478437110957,Correct
81.65833914586463,97.90354741087889,97.51316283555158,99.99963385097703,Correct
83.14507333295076,98.23659165036698,102.49479921525976,101.40984798435272,Correct
89.54195023426814,82.78639381951498,94.83411034033918,108.73649593609949,Correct
90.48301130357663,87.22905622191544,105.59683800032323,105.82259080628886,Correct
88.34067370597165,81.30330689126795,103.60870432123558,103.63818106932004,Correct
85.62416330694519,90.23176730078545,95.48694371810589,109.0220168148874,Correct
97.43811604673346,82.288363781363,104.68490034800782,99.49394813421912,Correct
93.79979942313498,91.71231557036852,105.76834338633,92.04802947811825,Correct
87.6680599873953,89.9451983862453,102.76640856818968,91.77870192241016,Correct
89.8560061138244,99.78871190923775,103.38971635906302,101.73809663101817,Correct
98.04263821541745,99.474950375712,104.31408483363268,106.72077471101699,Correct
80.39990655466829,90.69655093689013,101.29053082040406,106.30190866177097,Correct
92.14865949638627,95.27388464788719,98.1583014416829,93.45287179181832,Correct
84.35454888601825,85.43941257220013,109.5802671190192,90.85735590529214,Correct
89.59753133336649,83.40583670340742,108.04002231226256,95.22564863934885,Correct
82.16058808153846,91.4911791920815,94.1944716733259,104.85683499347354,Correct
95.3998754667883,81.08154470246232,102.5709876949502,104.70195232438374,Correct
92.15247907296416,93.27744479215963,109.77515527682054,95.87170770528108,Correct
84.1464947055708,96.89227071288299,102.45964620989302,99.08910762222541,Correct
97.4608795471859,91.08905679810275,105.89141622490224,100.07472320288264,Correct
87.65872424307435,81.77585432760578,95.5264422501235,96.02337888744519,Correct
96.24796615446053,84.21795288692634,108.04878957973578,106.21022565217051,Correct
82.98894814957053,98.8762534298476,94.55156280914278,100.49137821826932,Correct
87.14719696328633,84.00304744639303,108.97784981570206,101.7091549077748,Correct
91.79057570911591,96.89570149422343,103.95450563862896,105.99748870539088,Correct
96.25163394237745,96.09719572704438,102.29734784284344,94.20120483415536,Correct
87.41426823544273,92.94515013999121,98.65063764750552,96.01534835373639,Correct
81.41359225253359,96.19624896230923,105.40517440023187,106.75567255189522,Correct
82.2477178411226,80.56443393779773,93.18796825276064,102.41274794754833,Correct
83.44678780997486,80.40348453566526,94.67241561440812,90.91194808653302,Correct
89.53681941228326,83.21034534994976,93.65687186146998,92.37405390073867,Correct
94.96439442144211,82.85066556666249,96.00253133608649,96.95528004019317,Correct
91.24987298820903,89.1481786718047,90.6273158453208,108.81863451807628,Correct
97.99897813759836,89.6173683408582,98.98346196411552,94.52164434967575,Correct
89.70196668465064,99.44148852825607,99.05804058726378,96.48486379072041,Correct
88.1277739429724,82.65507519688516,91.82982004306892,94.82185036705906,Correct
85.19088800755927,97.48615477754058,96.93046695751039,90.75549125668812,Correct
90.72473264651768,83.33086517780258,107.40636223555916,96.9099182440487,Correct
82.44886045506412,93.36171896684225,100.0019060560771,95.68935664256624,Correct
89.29169652536906,84.29725232531555,108.34214420415651,91.25141711358988,Correct
98.84156085410314,94.6204931781083,92.34551423316269,97.38112133926543,Correct
80.0954750634313,88.33081868868787,103.18859909339591,106.4475821573298,Correct
94.65690589340377,85.16262058500638,101.67049524627728,91.73279485175794,Correct
97.04555764968778,99.14443930206819,95.427545584364,105.79466402316959,Correct
91.18677947824088,83.50865050211777,92.89572812778181,99.32365830952605,Correct
85.03776736042553,87.75431489797758,91.00645662300113,91.98170433541603,Correct
92.72101585283988,84.49197213810965,95.5783834985142,109.42405237596014,Correct
82.8948837240374,96.76943548761895,91.81228612081986,100.99911387996251,Correct
83.07581512121156,98.50349624110925,105.47178435229314,91.46347119523935,Correct
88.81026510571877,92.88037769338077,91.19018271139817,99.44714195555126,Correct
96.44224054297574,99.58603741506488,99.90925095110265,90.78177227881925,Correct
94.13761237120268,89.48898774776708,105.47073907485512,99.05737143617692,Correct
92.12703854625697,92.7770279448579,92.42650312689891,96.85485637035511,Correct
86.80725110130057,82.71598441710807,91.11031560936817,99.43117211703766,Correct
83.55153435256521,85.96615392396806,102.28769981394024,105.59085923029377,Correct
88.06231661941735,93.43126049801144,101.75672197370106,104.05264561252692,Correct
80.78141551514994,91.4669184128418,103.4907913021729,99.51549602537314,Correct
90.59717483634901,82.93737127680168,90.84094107089173,98.67563789880563,Correct
98.19822535471323,96.61207002942089,105.35479132997934,101.53531541140195,Correct
98.72278534426323,90.96127851412113,92.88856580666719,95.02981782647151,Correct
83.11283057173682,89.05738030962458,103.08807002657356,91.4908010123756,Correct
89.51546045292919,94.00437549811137,107.42748898672912,90.88537493395992,Correct
90.88656504499922,86.13487618329158,95.25477100241153,90.90398463557268,Correct
97.08785009945075,98.46857189082573,93.7651482906955,93.13595917790431,Correct
93.13741486390552,89.79980462784685,91.97623530078107,99.40019179631699,Correct
86.11561128163564,85.78891650343532,105.91271430354516,104.77108804081965,Correct
81.43853222796525,87.96045636682496,90.8839779252331,97.01183067706289,Correct
88.61388067562338,82.96389869533942,101.36476130739135,100.21934496692327,Correct
88.01376050761942,84.1935893761472,108.76917950505808,107.10376820933637,Correct
89.64203593053375,99.71123357705723,100.42786752305804,100.67279037852296,Correct
96.39074642154787,94.19024329034269,96.23980457890467,107.05256370164776,Correct
85.4370149449858,94.03687574890094,105.9540631358032,104.26878213135754,Correct
85.24616254628877,96.08784923801511,103.09548752464315,109.92461239763972,Correct
92.78621452590077,84.54212894593316,96.27884951323327,103.82448037621214,Correct
80.06612812194206,84.03763751114691,94.20653115542657,96.75325054593941,Correct
89.19423542602782,98.06374944046757,108.40876080458798,105.56103077087235,Correct
95.24286622331898,89.65567877622766,101.24441591310054,93.14835322894275,Correct
98.89241943166542,91.03051112056843,99.8983323297865,102.720176095989,Correct
85.75813780572368,94.36131429753821,96.68993811286752,99.78074591070653,Correct
87.08885857822648,88.86457273654604,92.40751871885765,101.06284587369409,Correct
96.63915530856409,97.15969274328876,108.79384739154622,107.10612925446007,Correct
87.923087735661,92.03176311448689,94.2967080373819,97.4650281068687,Correct
99.51593276525276,92.3071390966262,103.26287385029167,100.85676590009508,Correct
93.29151953129133,88.04015508015432,103.32546855709836,93.43317008202598,Correct
90.57862366585638,91.363218616841,107.60368742156612,102.99383910496407,Correct
84.4612702368914,85.33563166049484,102.78511821706859,94.24140784282093,Correct
95.3396211692061,96.05752820894038,91.74342496725093,101.77136854133174,Correct
86.3165483945921,89.89014985597207,92.74924460587216,101.1085804140973,Correct
86.52253208738966,94.78875064017751,103.75135895751745,103.87169357157654,Correct
84.87638831730492,88.1495246934922,107.35303840183238,101.87074576765356,Correct
99.90328454661315,97.10564520483435,102.59274331468612,107.98256174433634,Correct
82.99647485165735,80.25213634177422,106.43597776450451,105.88674949012015,Correct
92.2410482688059,95.12198198201558,106.48252371345195,99.66891080696415,Correct
89.71328529974608,89.12312851265342,101.01542399083961,105.50922310626693,Correct
91.07754356297282,94.68592316368255,106.4322754294767,93.63646654032719,Correct
88.98863011695258,95.12595748143572,90.08157420623154,99.67770381452314,Correct
99.92990056480076,81.22915317553407,96.52257088818054,98.5509413764935,Correct
90.70204307083202,92.06956940753487,93.11505209229581,106.98589126208634,Correct
82.70219068792177,80.45209982768391,109.04068887656373,96.98862440742211,Correct
91.56368495520655,93.1022172155232,98.18507600581711,95.0204880864925,Correct
99.17978552493958,84.80755711806695,95.36253157371343,96.96955955329355,Correct
91.70417677587375,83.97257091490789,106.77542059844778,97.91321356579085,Correct
80.3761931787689,80.74330457791667,107.66354294834375,101.04468797848621,Correct
87.92030618709656,98.75843968248027,98.30250925026526,107.04437658911846,Correct
89.58097777594828,91.58512172247096,106.17414535291435,97.42950132239359,Correct
92.78828235555798,91.31397599173411,92.55343969725051,94.18028863182988,Correct
86.56765887434544,92.18913587397171,108.71963391609373,97.08045685778592,Correct
98.12940670916335,87.56709212570632,104.79314497905425,95.99910120705897,Correct
80.32661072956738,87.1041136504459,96.03954718088605,95.5332827935961,Correct
93.06786829652626,92.0731632371253,99.45533155296674,108.47153594546747,Correct
83.18602806359632,97.58901063226111,100.24685546957737,99.43201543290488,Correct
84.68663192510346,97.71891376179748,109.07397145557147,101.39199570576963,Correct
85.17090513973908,84.02003796510638,101.14270994257004,98.18475124969223,Correct
82.43878074037433,85.95102316268327,96.43253642063353,99.27864943932659,Correct
93.52685010928349,82.195734165257,105.19979724407979,106.58675172888798,Correct
93.18824247819646,80.98204741447226,93.51446021321533,101.06414618280355,Correct
92.95391116541867,80.6287903633088,100.31905489025027,109.22596094712935,Correct
89.68162330412399,87.91257763761217,109.99575695464485,102.8129789421475,Correct
85.41615571985608,98.76594155357705,95.43740557827141,107.07966180976823,Correct
95.1074495422278,86.81805752584334,92.61331941789686,98.00035042783648,Correct
92.31214116464028,81.50630407981774,96.95655744676488,93.84270119284325,Correct
86.28199471031652,80.84333027540777,102.1566402795942,97.14407582589878,Correct
81.51684270567289,93.30996269135365,97.96085902860608,90.18048870165512,Correct
93.8648545681643,97.23013949889818,96.03459067638117,109.81990060556984,Correct
81.3142173082454,85.89435930833139,98.70706518716622,92.48364039044937,Correct
83.40886168318345,90.39767454071702,106.5098157026271,96.91836101425058,Correct
96.34764252190331,86.10051342254329,103.33844657594457,98.17367788165008,Correct
84.61883555504039,97.38116104995754,103.31911130815664,103.78508153123795,Correct
95.52190872166692,93.38818830613832,107.09891922418407,96.27860184895445,Correct
93.29118381282062,95.03822492248811,97.49611441256015,93.23150407146436,Correct
96.0588349780424,94.67181182912422,107.08819688803025,94.10357930454838,Correct
97.74410301100579,89.9701374753266,101.76548650979059,90.80844340028517,Correct
93.27949869456411,99.0108233712182,99.72809294051598,90.05028291291606,Correct
94.90874075531968,91.83952090559482,91.07134843786575,94.79715265323878,Correct
87.51149415143144,98.12984975410107,100.65018593244137,107.54121837738857,Correct
86.33280471849459,92.60921513427807,96.88649872170488,93.96631280967134,Correct
86.5670501961866,85.19377524422222,92.36029865911678,106.32939823967034,Correct
98.62974899895637,83.60887347467907,102.14245341120709,91.07905683183516,Correct
85.46611885246764,99.33427810202872,90.50666526046723,96.84318684993971,Correct
84.99358236078584,92.52464841215054,91.89766184928224,100.63427643665548,Correct
91.76518955468717,84.96103516374882,90.1521047126302,101.80236285653703,Correct
95.86564680484065,93.72349709442368,100.16767674171706,90.28487851013189,Correct
81.68150938542895,92.69763865799474,98.50106597876102,91.36798749434928,Correct
90.60337584107378,97.204049229493,97.95251770804997,104.95762935051499,Correct
99.82342689474582,87.95105785722018,107.87036795038114,93.59285692921489,Correct
96.74378124583063,86.00945763538985,103.15502053988516,99.61246007566618,Correct
89.75284113854522,96.19493417997263,108.90363371204435,98.67302315673429,Correct
82.77903663616318,85.7599912020781,93.3158683504532,90.10285482916706,Correct
95.00973175225793,91.99891371928626,94.10860697930781,108.79569513125429,Correct
89.03210605875216,82.32040919177543,95.78672681538518,97.32820671576862,Correct
96.3718174383603,83.4435298794555,108.55123956056303,98.55011676995534,Correct
95.04466027702583,88.50043316257525,94.52911834640379,94.35087648636221,Correct
83.72557620198769,87.65961659382484,101.13401757458567,109.76492858801609,Correct
99.44714962610789,88.47548899380911,94.36771415073802,109.90970730501206,Correct
85.27067440112556,90.56226504089696,104.98656071479158,99.35758714657817,Correct
90.54129552606632,80.45349467505477,105.83430985396352,91.98336366350884,Correct
98.07234655039849,94.54931895799452,105.65780978222988,91.33304660830375,Correct
93.84333588704578,81.21174198644043,95.07215230549727,105.5466667685474,Correct
83.46318168088234,99.29411551372948,101.78509095904604,98.47023821247777,Correct
97.67507887145386,98.1949610987694,104.60647195302211,106.85746778516778,Correct
92.8395059740814,98.16006457512934,97.62569412550936,96.44557457527502,Correct
89.8035768882294,93.80756674555502,102.7444834704069,96.94117224217618,Correct
88.49614440141667,94.72931179151497,99.74118378594751,96.36839713350773,Correct
91.46723060823925,90.86866018772588,96.06304384683962,92.93247697579524,Correct
94.05049843251898,87.70432665007884,93.7947446896574,99.48330957441928,Correct
81.36565206204548,85.43600076983739,91.57397057448492,100.1183636193955,Correct
91.62143841654854,89.44782514171891,106.00453674084417,100.81975982067068,Correct
97.22219641810364,89.3431142664442,92.8454853384283,99.8113010712083,Correct
91.81075798695531,84.55493560400127,95.08280645578839,102.92205200725952,Correct
89.6029680700806,90.75340093781661,102.85067114385191,91.71268899524405,Correct
85.63748150192934,89.02626970131762,102.32407548276215,94.18692705450704,Correct
84.99578744018172,85.55367431170495,109.31584555988259,96.03324866384897,Correct
82.25467544541483,94.03310759923292,95.84478287730671,104.0131649022868,Correct
82.08273860617827,98.34839940314916,96.80846300975014,109.32731514758672,Correct
95.3596748943028,85.36598875755385,96.38015747876618,95.9050254659087,Correct
89.75069917066166,85.45681439977089,109.63935517108393,108.01199476238332,Correct
86.53007704979969,94.29570148625382,107.68977970262073,90.77449055178043,Correct
91.55067562645864,94.13344631916308,94.71178436637912,96.24432145871646,Correct
97.74155845098804,82.90066306481845,104.10997728214853,107.0053127785506,Correct
80.46169584844478,87.99919833833032,90.42810607950757,102.15431238183987,Correct
91.60499309406495,83.04541535251477,109.53323464611292,107.84674196365107,Correct
85.65232627001973,82.09468364398961,100.50370550369453,97.81135210926135,Correct
80.28285990589978,93.05518457594799,91.21383428898378,92.90554343513304,Correct
88.77622150020017,90.32117760432035,104.26495352763328,90.35381299558529,Correct
81.74205907365615,91.15498654330663,106.0855471148011,91.34979884518297,Correct
96.34852714046161,82.7296181285916,98.17230038207092,109.02888206051472,Correct
94.18918076539002,81.81728742787482,100.1095244653333,102.4702272454204,Correct
93.80652454721863,90.45719221948258,102.37437371508534,108.46565542928616,Correct
92.93228007970606,87.99976929747801,91.95589916815509,99.60238769763978,Correct
89.21328228224814,80.27993755545832,103.41745864436419,100.24332156746212,Correct
84.88916145540698,82.85832707687236,107.37868035950804,101.19584080703962,Correct
82.0531205815094,91.61715661239316,90.87585016844442,91.15603647693841,Correct
95.4804333803138,80.74851364798928,103.1416424419932,102.36311685422154,Correct
94.18352877416865,90.20877257816267,90.89205580654753,93.51798811106812,Correct
92.09139895210649,86.41823815370778,107.20556848998498,91.8500584559691,Correct
95.83651826974341,80.15428458462426,104.50459499713767,105.15982231327443,Correct
82.7142840059741,81.60602302663969,93.49091564324333,91.55323681027272,Correct
93.12282110657578,89.04440229763944,103.06157629219024,95.86030493325285,Correct
87.04746510926543,97.18732037178195,109.23364374230165,97.32571473262186,Correct
97.1190140607981,86.13873108421112,91.8225932858123,107.73017911696392,Correct
87.03010932977654,99.89947527159211,106.9589952140891,101.48718245305423,Correct
84.23329054287318,91.82228352362574,101.89078435066592,109.8685039769847,Correct
80.96860771320884,92.32588691804102,105.78965542801002,108.46128323786512,Correct
86.91723684120102,90.64217492718147,105.56258697163553,100.33336683737274,Correct
90.69802097617708,93.71407988995276,107.22944624441912,91.0997009850705,Correct
93.13766830531318,94.9956270056169,103.28532469976602,103.53223995291543,Correct
95.24388912630256,95.13407388035245,96.5921251460191,104.9552579044331,Correct
80.6432260540017,94.1335831615403,93.74465334011718,103.2138125101781,Correct
87.72175476387974,99.73018230583025,107.51034764987617,109.15368398938239,Correct
88.17805419491768,97.17197618552787,105.40856049539951,108.23106283299657,Correct
98.25722206863841,81.13844481006406,91.62684229718596,108.92678596080403,Correct
98.99217370751892,95.14248658720854,101.962584833738,103.68445779707167,Correct
98.53277897492742,94.82314379180572,98.19907857131724,103.70823499105228,Correct
80.64936945234348,88.87756884637372,92.57264372697634,93.76465063658996,Correct
89.91901362565095,92.59824250214017,90.3399592538454,108.6824957336879,Correct
97.91631917153208,90.63466273204108,91.977871947736,92.20055768721974,Correct
89.95060828250998,81.93619842979155,105.49525665963822,97.9110530078468,Correct
86.77333592005954,98.37215971818353,100.30640086937137,106.64908298119624,Correct
81.4193086729836,86.56655680336414,94.19228382221345,107.23673241784246,Correct
99.34369657899396,96.75206079960262,96.36662168248023,108.82151406720119,Correct
83.6149407147245,88.44510900292174,103.23036767414634,101.85844793146973,Correct
97.93998557803451,88.39605648960267,94.3383492875436,105.9737487768821,Correct
93.23354255359841,97.66215064098344,93.1407337982061,100.94384163086153,Correct
95.2779238585145,90.164291782372,102.48073186733747,100.97957731106462,Correct
80.50520215953522,96.68067987425417,104.14549003230981,96.20066389765728,Correct
88.97903466650547,94.38840144555203,109.73874624058885,95.52035049070939,Correct
89.75178267743713,81.74181434596575,98.59863474020717,95.30269595872649,Correct
97.85403183272166,85.9401744417218,96.51077731118443,104.8570177145624,Correct
86.06989498853702,99.61190535039128,91.8403505310652,95.9431384181517,Correct
83.21241386491153,94.31504170881516,91.94679845967602,101.58636401046675,Correct
84.43349455633408,86.12753821345214,103.98780591824215,98.18273308763551,Correct
91.19163313331117,99.31290107703435,94.57329925451066,104.20529521594925,Correct
91.5046413744673,83.10653229137,93.18242626051003,98.69058925527963,Correct
81.61308497616989,82.4910787245888,96.63187870782843,90.08963659444773,Correct
80.31670187994678,92.97891611516803,101.63514395059659,109.6287154571148,Correct
86.55990907971375,91.74908727312072,106.97478386670312,97.8231927009392,Correct
97.13959336031775,80.16264483833011,105.56594827096808,104.58500108811911,Correct
87.5919984980036,80.49903292725583,98.05484739226685,102.10673747484664,Correct
96.8598603805811,89.6681362105155,92.05975878443363,101.00676992543178,Correct
95.72672499182252,87.77819811911701,106.664867788896,97.18303899118,Correct
94.14086148245629,86.2814567385094,106.53686572823527,91.88156483584721,Correct
86.51914597951469,83.83504834905534,109.31350237676526,96.18567791780043,Correct
80.09822320789532,82.456161128884,92.23154651840093,105.28814906983283,Correct
89.36730486832107,86.09828358659536,96.1114605020524,94.13425547966517,Correct
83.96975064224364,87.28888709730157,90.09742748309985,91.58928023195304,Correct
95.76014503963654,91.15501591138141,93.96547706174599,103.85570454703755,Correct
96.32292617046846,92.62626980162771,93.23524783437402,90.81782304272137,Correct
85.50803662244492,99.79373315913838,98.03323661552403,95.61319743721866,Correct
88.11069322246045,87.2531202825038,92.88009176075589,103.02993689636112,Correct
82.22253467475164,80.02695117623746,105.86531409732333,90.28831551824035,Correct
92.81575309097387,89.5797618357932,90.78542395949424,93.72269100784104,Correct
98.64798682047247,89.66246268259547,106.55028155737654,102.69661095703269,Correct
93.38405616239153,88.24054344677096,93.7347343152799,102.21079404975409,Correct
88.02649805589876,91.53603460569427,98.33299686218317,91.74636081229534,Correct
87.00703867038325,87.36174822813867,96.6640195375712,91.15756517866039,Correct
99.31852537569756,96.28057551796772,90.19166682433352,91.62672971412408,Correct
96.55428822050733,80.22991415392386,90.01399712014098,99.47866342720769,Correct
81.44483457757545,99.39886694159006,102.35402991393275,108.77123968712547,Correct
87.39275545976453,96.66893289418775,92.75334384906337,100.47120094850911,Correct
80.84718703687513,86.65667002909744,105.60085552110613,104.18478695308949,Correct
91.31434151243782,87.01500384828567,97.07575433903051,108.59925231871512,Correct
99.4811913899988,91.86312275511656,107.71677859591608,103.12239222286868,Correct
97.66297949810775,98.57565635218016,98.6978619917122,95.47677222568338,Correct
93.18116383277565,80.84979859458217,95.55817932748306,105.33484484382342,Correct
91.59077501741204,82.15935394103818,102.9173857993951,93.62844690548624,Correct
92.84076951428341,93.64769581200727,99.33253248509017,101.49727106868174,Correct
98.55151862972787,99.99342331998119,96.51898387061746,103.33112878545387,Correct
95.71223382523675,98.37451401620946,100.48574097562499,93.40010459740975,Correct
88.50637519145944,91.80599450453556,109.06817938677425,102.12377247294295,Correct
92.0178778451532,86.44229971169379,97.08414183753287,90.22645255417606,Correct
84.49558576042045,90.88343664905437,94.5466220906947,96.3386959039461,Correct
86.64478712097923,92.72054485729838,92.1998348875811,99.27901186230135,Correct
86.7108514836365,85.58352039991352,98.2540750407138,97.51087264995182,Correct
91.91958392446901,88.6818615944834,100.74125894467024,107.05267143405442,Correct
88.93223666587144,83.6822449472059,91.69902644652483,107.37616640492193,Correct
96.00299592985007,97.11731881872863,107.21658202645997,101.04339238839701,Correct
97.27604104579147,98.44204308519508,106.5791025114518,91.90488182927976,Correct
97.58679310590905,82.52788704653165,102.55341647908473,91.82471652775061,Correct
88.50107183950936,91.04158212531681,95.34554326667462,104.7569614118211,Correct
82.9460273481862,82.2386981829681,108.5549711319395,106.90875903811137,Correct
94.1636046692807,93.20554885650594,104.12880202861535,96.04850830572519,Correct
85.16646158229999,93.60259535433073,108.71142868182974,102.14062246623054,Correct
98.83334920651278,97.77049513333034,93.0901670343837,105.74500793272526,Correct
91.50788338979964,94.36467040021847,92.72150092535988,101.63803949866906,Correct
87.06324645321848,90.96169180425136,97.65485644167495,93.65774320174661,Correct
95.23627310858252,84.02350006519629,91.61629954521285,98.26390534489931,Correct
91.61046757508034,80.87902356534016,99.12798469927935,92.93094140641718,Correct
82.65128176022337,85.38193912695091,93.64867674705447,92.18065728001574,Correct
88.3039612242749,98.21549966744863,91.58103752804797,97.35365925491621,Correct
89.24763577767185,94.85918763392152,109.594283359064,95.40654748143297,Correct
88.21723970052054,80.23866675010247,95.4103574184453,104.23727466176109,Correct
83.03455091769206,94.97784916394693,99.0932863165853,104.76522447990115,Correct
93.27025523806479,95.23691144181706,104.61269227416977,91.11909594873731,Correct
90.57805660382265,93.06175204239167,99.07136942447445,100.61455446751259,Correct
91.94360720595495,88.37781721606319,109.46472097682633,105.10454344912407,Correct
83.51801380738435,84.09272933625324,108.6509244578999,108.7870259516167,Correct
91.81123771049812,85.48766462123055,90.38650107983605,92.45681718578876,Correct
95.8500670381998,85.17074975099966,93.99552446254856,105.95225144420905,Correct
94.59765967411745,87.78528740187144,96.39449062971596,103.98684856164931,Correct
82.94994357407559,86.08244030645106,107.74655193100055,97.60603124844592,Correct
97.45294908170428,89.4060541924508,94.23873974640911,92.51113383848825,Correct
97.56257982251019,83.15856383461974,100.11024658643161,108.69830003016607,Correct
92.42853599607257,81.23991266797161,99.57734383435553,99.73437408784892,Correct
89.0609392156947,93.53555234952694,106.4511715517033,90.13084102883994,Correct
89.62702622004146,83.07113650715334,99.94334598125917,106.08899593855045,Correct
82.10132273264162,93.29704733743897,97.18079049866671,106.45115548649534,Correct
82.92278097725432,86.43692996576647,97.37885512882498,97.72686882844667,Correct
87.37674141126406,81.82892601111722,103.94273031483375,104.47142921798651,Correct
89.90360934522324,99.16092162077169,108.13369834880557,109.13695239060355,Correct
83.35992929602384,98.57684710679607,93.36875049860997,100.15116933031659,Correct
90.36779907985014,82.3037821632494,97.7532198889068,92.50140928231994,Correct
90.41342527393233,95.89801786727082,91.10630794813488,108.97148769119708,Correct
99.96294667561723,98.59683005485311,106.81599211770433,109.39695051126762,Correct
90.17998826274649,96.31504267433365,107.5949726013894,108.27771841568797,Correct
93.77321256595665,97.24194058254992,91.03532996272423,103.74790008741893,Correct
96.12948253029036,80.12185360970143,99.40973005496133,107.08580753495458,Correct
85.16368440985224,97.5214657988062,97.06993686666632,96.32834692942008,Correct
89.61274838437463,83.24927228877787,100.66553238128687,106.87456227365905,Correct
93.61821887321626,83.419680754877,98.00456001516744,96.76672694829558,Correct
89.61604674200673,97.97146773751012,95.9357328063399,103.77289375591849,Correct
83.16812013654564,87.17772519554114,93.1296463518513,103.85608187341317,Correct
97.88892001114301,82.59526343581953,100.38630534238928,91.38225632001632,Correct
98.78186216681061,81.62682157530645,91.56325957010264,92.53971177566082,Correct
83.64259413992411,95.4727497355901,98.72070251104316,96.53877016674922,Correct
94.02030136821553,97.34254593412342,97.83253012933471,90.75257767265495,Correct
89.3636197927762,92.9718647731271,92.0194117330278,97.22929547513536,Correct
80.63111948005792,98.51748756666126,102.93916106739715,92.33880787980038,Correct
89.16388125252435,97.73413993971005,99.30572389491167,104.43309006888643,Correct
86.50275942370041,91.96616273893339,97.54676135545249,107.04863713230588,Correct
54.77971153778347,58.32400098251141,74.80273974641156,73.70439650122033,Incorrect
54.840662339763384,65.81518941925022,75.65503652220961,69.52479189716084,Incorrect
66.64615310913082,55.32913029120451,75.78867100199935,65.89317272726966,Incorrect
57.70345979993452,68.33000267613458,71.83914790306899,66.97358871766619,Incorrect
51.210623300699325,62.98114740461435,76.09847405226269,73.08433063929036,Incorrect
62.059251801925825,64.01792224869514,74.85885520441468,64.49395428592342,Incorrect
54.53567060440302,65.81421734406842,78.22662785967691,73.70584867367963,Incorrect
63.25554465134527,59.74842566356713,60.070912835706054,76.4743089276484,Incorrect
59.942765665229636,66.18868187734188,73.6164246286684,77.58709693213095,Incorrect
60.81533015046766,52.934184380113216,74.68571941886593,64.20095550595694,Incorrect
60.4792968320358,68.17142478788637,62.04150876466751,67.46207996059816,Incorrect
69.89448308910114,60.89288605796837,68.3758477147969,60.43442858608622,Incorrect
68.37525396490635,66.86064091410731,62.4237302374169,69.8365261950643,Incorrect
54.66086099910202,61.1293468990162,73.42753844573403,69.60702221172161,Incorrect
57.00623440982263,55.20319066195374,77.4719458618633,77.1301580437652,Incorrect
67.13118843095924,59.25187588759817,77.17448141448153,64.20843274700154,Incorrect
56.40306072071262,56.160888958960584,68.37784101217993,69.08073353790094,Incorrect
59.1250862691907,52.98852116024879,75.08347020271256,62.794344779358845,Incorrect
51.012185621003056,64.0528466999171,75.785003393126,77.06156106173422,Incorrect
57.82023473753121,52.86577054145708,73.21785128464067,74.43708412237625,Incorrect
62.48523046798565,59.583578272452144,61.04945320358846,78.95388884183785,Incorrect
60.05566779201845,62.76786079829584,71.32105640326459,77.47592704086028,Incorrect
50.30330315914439,57.82482489136888,74.83357355843214,69.86931520048054,Incorrect
61.66246213920556,53.30920542438867,79.08049661712488,77.98043246884248,Incorrect
52.709249158230286,54.569483838808196,72.48992856642904,71.79267848510068,Incorrect
68.39165570425816,68.75408215804524,64.94571690273713,67.15546373051228,Incorrect
61.64666102387645,59.448155781537224,76.44802299488444,72.34230498761133,Incorrect
60.18465063154924,59.61495109863018,68.11697819694285,62.6139806479585,Incorrect
57.46370044631545,62.85863239668741,69.14113857110485,65.7217039867134,Incorrect
57.415845838912944,68.33120438949108,71.11675653671335,66.11342616308842,Incorrect
62.71079923725839,61.17825333326287,68.96263330099592,74.26505817133742,Incorrect
53.304919366628035,67.09398392380898,62.430581207928846,72.67728604182409,Incorrect
63.04241083126175,60.582669393364135,69.00296603227406,78.66549683784359,Incorrect
53.87556269547493,63.65855687105267,76.9804166864205,79.72982380088553,Incorrect
68.09130913138473,65.0802336765204,66.66616874017879,60.05893620706679,Incorrect
64.20681686061079,68.9389436009183,64.99755362555055,71.1586048695806,Incorrect
53.13757519124001,68.28649942704598,79.87231365196472,68.26927647190769,Incorrect
64.14256374415066,58.51687145546094,64.42840727617258,75.71362643172031,Incorrect
60.63675718238029,65.76348680530577,67.05759757916825,61.65047658456592,Incorrect
67.0562997312343,66.5799063754659,75.00080834183468,68.17867676167016,Incorrect
68.40189587464582,58.11817391030222,78.11501654810912,72.33469944453036,Incorrect
54.622532030652934,67.15237821466542,63.82855490304985,64.18505699469387,Incorrect
50.6371256315453,54.97868683001601,65.23440959790133,77.78140985408538,Incorrect
65.62730431704225,58.213168857773425,76.38724501722496,77.05856363411488,Incorrect
50.848969989828504,51.49418052950559,72.49456810366694,62.14086726230066,Incorrect
66.36308160558616,56.361604245472236,77.36536028801791,79.83688884223352,Incorrect
66.43864488071993,67.55069532500418,61.77875578687609,63.27070265305258,Incorrect
57.397880374349654,69.91505766140561,67.98592260669712,62.05426370201681,Incorrect
65.50296428724286,65.71250985562605,65.72628982463358,64.82473128418339,Incorrect
57.965893719457966,52.34748182021144,69.80370322133085,60.747478757443595,Incorrect
55.33569657527907,61.49116637872856,76.29594384993439,73.96787795534551,Incorrect
67.98151828987204,61.110734137608176,71.93232988840792,65.57399524769733,Incorrect
69.07365803257909,50.44371528674686,79.30960393965077,74.61269407307122,Incorrect
63.316702399235574,64.57231552367098,67.64482029396379,76.91597754023522,Incorrect
68.47515690225102,57.079319692403004,74.32885716990603,66.34983167385947,Incorrect
62.62508692383409,52.27563044523413,67.00556833625026,67.96147658949675,Incorrect
64.2000676988272,69.02234883059498,72.06874021826144,71.2724472149909,Incorrect
59.4411839507114,54.54454303887116,72.69830136070419,62.955729487899625,Incorrect
62.26673608364389,56.48540380597686,61.811792152864186,65.10189307147346,Incorrect
60.44281485439129,58.471699605736724,74.1064670131552,66.52022685456554,Incorrect
56.1186043176355,54.992587531527235,70.69525810995091,72.22556966945379,Incorrect
62.99587313917375,65.10416909222229,78.79705368327805,62.172701130826724,Incorrect
63.30664238131084,63.784280938694316,60.328278405412505,76.50463762857498,Incorrect
66.67569205081506,62.51102604734743,77.75250369848861,71.76079190896758,Incorrect
54.92368222126732,54.10106104581431,71.49225999091095,65.8963189873826,Incorrect
68.93193184034077,66.148297214678,68.74543669409252,77.0948810726324,Incorrect
51.071639402536476,68.47206337381368,69.07397355211495,72.37330578726738,Incorrect
61.611484322938324,65.823133143178,74.56412512519259,72.96561447006764,Incorrect
67.56891333340359,58.803582127318265,78.00265233963655,62.54250623846653,Incorrect
53.74263692480553,61.38098736427406,78.285907894794,66.15312371899495,Incorrect
69.1526971619505,51.683143601169164,60.71578136200036,70.82918406759488,Incorrect
52.870166432251764,65.90639220841621,72.92769524543998,69.66995101868724,Incorrect
54.391191451937765,55.364389145765486,68.16011721421333,60.08579231580693,Incorrect
69.79279316744278,52.47181533324559,75.41031770679157,63.506619062744875,Incorrect
58.81643771482657,55.4707892667928,72.12081919132802,65.1943489523499,Incorrect
61.19507349337507,69.72722664034008,65.61967663430204,63.90834223741785,Incorrect
52.63180186419709,51.652745823329425,72.01461625963057,61.61855332843653,Incorrect
55.09844658685971,61.79064003504067,68.36902660063664,61.31142411592334,Incorrect
54.01454869102805,60.88997203338927,79.75812378035647,75.25386034202441,Incorrect
62.03751127154875,67.87159372362257,70.49550841635562,62.42925361014168,Incorrect
65.77531283911358,58.9019277741437,70.38746006085762,74.19275118987812,Incorrect
51.79762879615049,52.01079372007378,78.38749058268849,69.09911238841327,Incorrect
66.89880057485247,59.39213892916297,75.2017450249682,77.52042734616985,Incorrect
62.75956246729085,67.5862209086342,68.96665785269622,73.72686085619434,Incorrect
65.33729696669485,67.90266480977097,61.212481751792865,62.076940825996786,Incorrect
64.10160209513896,53.054357785288204,75.57617154657314,72.78177329686181,Incorrect
62.85188900531498,52.97543527988428,74.5527509034901,79.23793105030629,Incorrect
69.70923273143899,66.33297547707005,68.01509856034151,78.78284315252687,Incorrect
53.73547312438768,64.98034799938326,75.26125702574309,64.17383918377051,Incorrect
52.32028157094801,64.64996035391974,60.857762362320805,77.46565878201626,Incorrect
65.9053807328193,55.644908669514514,69.73527047158112,77.00013628268174,Incorrect
67.31199985057857,69.56407474073762,62.431858854640026,74.638864515969,Incorrect
66.628049143623,51.894151624107295,63.40861007633447,71.48047553069307,Incorrect
67.55631665217608,51.461701797000394,61.4569315487044,61.12701379865908,Incorrect
54.4215170965788,62.97562900724368,60.142323093650795,73.31751963472003,Incorrect
50.11745913551298,65.00162153635053,75.40307129986255,65.70208848903106,Incorrect
63.17953348786493,64.78322826882021,67.46543519699624,62.35945236816404,Incorrect
52.84274883407007,68.58843790271169,69.85390797437104,62.640673909772076,Incorrect
62.612302270588955,59.292055148002895,60.17055366959679,70.33530841512767,Incorrect
67.92167270303304,60.39005229772147,77.87734264868529,73.39621834644426,Incorrect
55.25191995544206,59.76341520904283,62.00862451768296,64.6671870375039,Incorrect
56.793786057869426,54.392279086650454,75.12486780558702,65.5511755941147,Incorrect
68.96849665422599,66.50749191254434,71.00624598215299,65.02514959528722,Incorrect
59.18255523104893,53.72977617902515,70.81566889094235,69.2655611259171,Incorrect
65.11569976045195,64.0898698629093,76.97035353003268,69.26504170279244,Incorrect
54.88612630869129,51.47293912054152,63.26722219298696,60.87923974997082,Incorrect
63.14033366065253,60.32403210070273,63.49267397576881,67.52005552054473,Incorrect
56.34141754104276,60.41352468057429,63.05945178781431,66.34615037675647,Incorrect
50.255824143067684,58.342657995286345,65.02014689299101,74.31911390286075,Incorrect
54.0824357313531,67.05258639243159,70.12889268330318,73.60022649918444,Incorrect
54.505202106688174,56.36338249445069,60.436601051777714,68.80830001837775,Incorrect
69.47814834577906,54.36776609997568,70.62752988261263,67.94392869922385,Incorrect
68.53772872766,63.24106909880388,74.73680692899815,67.096956691792,Incorrect
52.67413934061071,52.78797335377528,62.036146617160966,65.09325292723423,Incorrect
66.15502489285367,52.14630595510376,73.9110308953618,79.71871416484781,Incorrect
60.52838436714244,54.2336626049121,63.92663371814864,63.71321622989953,Incorrect
67.54001065013144,60.56015194738501,79.69179313651667,75.08843891503149,Incorrect
56.04235998384046,53.28155863076207,67.46585488792006,68.85484332980187,Incorrect
52.53485888171753,51.63681238650031,60.285847896559744,69.43714728848542,Incorrect
59.18367946672563,57.539064404757376,68.12273356523158,78.43449199082542,Incorrect
62.87175211368528,61.35074456249385,72.11906730231385,67.79035592787152,Incorrect
69.97751561923499,51.09277240717357,77.6188136434155,63.48411493678387,Incorrect
53.2025355327793,53.70977594591544,67.97431679516882,72.33090757088262,Incorrect
66.95818638986434,60.704757864505,64.55272232090925,77.38199209664405,Incorrect
67.35616469820096,69.68376719951615,72.09904333465683,71.63214980192797,Incorrect
51.14771030791694,67.17467694290357,77.34872413633009,75.78093940817696,Incorrect
62.31643616322734,51.86826294609641,75.1843238391893,76.67783067683631,Incorrect
62.27513704239901,56.974733671716194,69.22290092137011,65.16248902035596,Incorrect
52.02388511783154,53.06739979339865,77.8721196615036,74.0388894869105,Incorrect
55.14557364031569,59.40716650908972,70.34112690180399,61.45689879258988,Incorrect
53.72929322635765,54.99147640511811,63.9417753010247,71.51825433836079,Incorrect
51.424923211190695,69.38145725220866,60.726306806613096,69.02912402582675,Incorrect
63.47901373055039,56.02315592170909,67.17419047276944,68.27426420569554,Incorrect
69.23431643648163,58.35733666474178,68.73454176391293,63.09165421735055,Incorrect
59.521798410295446,53.613492019732384,63.344035490626574,68.25914373474723,Incorrect
51.24370179853356,65.12681052417449,76.46626271138885,73.9214775961668,Incorrect
56.13231714783054,66.15810600216088,72.98590975102228,74.71439375857041,Incorrect
60.58534261669334,57.24285495986472,68.16122404435288,62.29552703153318,Incorrect
67.75314553745551,60.372089627985495,68.79613409909673,78.07110072263093,Incorrect
50.40665490279633,53.04984129516455,67.93078431150971,77.56184647788444,Incorrect
61.57634756822776,63.04462220615471,69.7098594975288,68.02552699403721,Incorrect
53.11747656189259,66.65052365050337,65.70850416958939,66.40387245457492,Incorrect
61.22784375579157,63.954870550563,62.699285871726715,68.31691410683679,Incorrect
54.728293588704055,56.53897547154492,70.92849185531058,76.97120460408959,Incorrect
55.05779903385773,51.05471419441675,64.32207159920151,60.860708506154204,Incorrect
62.7536198255371,63.92191141146536,65.3199928720887,63.35812710142104,Incorrect
53.53976393417247,52.532952872125556,78.2054939573195,73.52999711117663,Incorrect
61.417694630285276,51.91331672253543,77.35665724399976,65.0141900706908,Incorrect
66.49405829948859,62.60354515943491,68.4914394767557,68.6621919996968,Incorrect
63.81838009440557,64.2194302321708,69.27806228541799,63.772109097111716,Incorrect
112.19210403837573,122.01472805747254,136.13810541916885,134.7846355760952,Incorrect
128.8787079262706,112.84591003599,128.66556758248257,122.34838200965308,Incorrect
116.20584622365256,126.0054994891293,123.222796455804,136.21476541770102,Incorrect
122.43284440528316,115.08002615922808,136.85362733354026,129.01831757019568,Incorrect
120.26550268933117,113.54330344819218,134.39666932295773,133.47847591930335,Incorrect
129.0489944769148,113.10482496904326,121.45168223885454,132.3873513364743,Incorrect
113.5352139138678,117.34198557007004,126.73474532354157,124.46860990903558,Incorrect
115.04794824753759,121.85052441816066,136.6028812691181,129.95205259038212,Incorrect
121.50064551757802,124.81954906805066,123.54360130389534,138.38274533428694,Incorrect
128.95769440319995,119.99211211505974,120.79068105362543,125.10583124767159,Incorrect
121.73914208887683,115.09108434276644,123.18457106201048,123.0112879034441,Incorrect
124.83525004939276,111.75908377732678,135.4004900438849,129.5501582626786,Incorrect
124.78044433796822,120.0514148129077,139.76271920505314,137.98502684773584,Incorrect
110.46158595769543,112.34076632770156,121.43057839718867,139.56055162973024,Incorrect
117.51492765375535,115.46981884912755,124.91146100279607,126.58132878254696,Incorrect
121.26447096817807,110.35398872591334,128.1145778494202,130.14393064209088,Incorrect
116.99256469921227,119.38490381223879,122.48205962324234,121.12020943287105,Incorrect
126.99330433604905,114.615458391197,121.60588537641559,127.80203004808267,Incorrect
126.73401435694983,113.5185846272245,129.89833477518533,132.8724050480796,Incorrect
124.45905173429009,119.61432517694679,121.04434139384641,129.82558610854775,Incorrect
111.90443231503122,124.1603305473431,139.1928627173616,129.5645813642493,Incorrect
117.64222051606095,125.93602283255319,135.91290884039302,137.81958427864296,Incorrect
124.69648359707115,117.22409743460067,128.27900990111306,129.37330489349668,Incorrect
118.29011564620595,116.8800250556347,126.47599002193527,123.30460096942505,Incorrect
115.13760551023077,120.36157143264644,139.01693132772795,128.1454742919062,Incorrect
117.37855927114087,111.11770855106684,138.42611339036705,139.93915132332393,Incorrect
113.20452537457145,118.51535590494275,124.54019658865812,133.0569972155669,Incorrect
116.8656760988989,117.35233274514444,121.85396869634057,122.81321938296931,Incorrect
115.15413577331728,121.74905709102958,120.30711312888491,127.0795387688958,Incorrect
125.3786102746719,122.57670066299667,139.60372867673385,120.00144092577486,Incorrect
118.98992087884503,115.51228433832149,130.33491994730252,122.23214000483148,Incorrect
119.5415297605627,115.21181188244607,130.07550281102363,136.30438470009787,Incorrect
116.96569500101359,126.63749745031814,139.06192095510502,134.82189516607954,Incorrect
116.23594663728426,113.29771865115406,125.20329148371681,136.02598919967357,Incorrect
129.70970428408575,124.80228181140367,122.19940245203077,136.47532290628052,Incorrect
115.2566136295277,115.99813672205977,139.26628620436549,134.6112274813633,Incorrect
125.10649177672182,122.29449310656244,125.65577080174728,128.46113598455258,Incorrect
116.79401456065648,110.63384507715422,130.1859983537325,123.55513453349799,Incorrect
114.78621625976464,111.2698344193269,129.809226181952,135.87160981629344,Incorrect
123.75068673553244,119.95082834824244,134.0751432274189,132.06686447141686,Incorrect
112.18641263972715,123.92429881932244,132.52109156278556,132.63193034564136,Incorrect
127.36364388073002,114.95967438750196,135.62539104351103,123.18967003234677,Incorrect
115.03121135476911,113.72604274604504,135.8891485056719,134.8902683975559,Incorrect
116.26725442627222,124.71916650662996,127.21438146334978,125.6890164726833,Incorrect
119.24712403704584,116.02655715037406,134.89404135420511,131.18732536098932,Incorrect
116.55755177367902,110.14977669656905,126.62394846721278,135.28464200103127,Incorrect
117.28051224451289,112.27976337390712,137.13077557359316,137.17987208947244,Incorrect
120.43912048628256,123.85965668322478,135.09697917485053,133.15031482883535,Incorrect
129.1026711202562,123.02497184584976,134.13521515285268,131.75967415762722,Incorrect
128.93852013769464,127.33206096712914,121.22631852257612,125.53231266793027,Incorrect
117.52246532039243,128.81040739711176,139.7416660000856,136.7417574822543,Incorrect
111.61683217767467,110.82230666600239,135.6150948606802,131.9573038612469,Incorrect
111.35805212025602,112.44978949914142,120.92446705546348,123.55858126934886,Incorrect
129.0795737076622,112.3563727489529,133.57164292202702,120.98719861172519,Incorrect
127.19279340427266,110.33703337003773,126.11272151234184,123.29788534130435,Incorrect
126.76976114956025,117.0751728651303,138.3217038801421,126.0458657059546,Incorrect
114.23868891060589,121.70121762515909,134.23665961687252,134.9373291183978,Incorrect
125.2615174079387,119.91000316840818,135.16414747461306,132.9372979995314,Incorrect
121.02692145453761,126.00843398019913,136.1511969258695,131.07991732921522,Incorrect
114.93915783852381,115.20536696679657,127.57354411468432,138.21524811135166,Incorrect
123.98928236495557,125.08024620475392,134.86598551395696,121.79420257819238,Incorrect
125.9614727944117,114.81908332565207,126.98429503839704,127.73852914625827,Incorrect
123.22647365086122,120.5240610318654,136.5742679446313,133.08261708120648,Incorrect
122.4762473831366,115.77360562629552,125.76736571770005,128.89798577856558,Incorrect
120.70028835946674,116.43171451840558,136.08669992464218,137.390458574505,Incorrect
121.39853818519236,124.36377994050343,127.43624212556193,134.44690274973684,Incorrect
128.07564760762867,113.7730710416528,135.59066281360276,126.16980426033636,Incorrect
118.8883461627272,121.17977859432757,135.86327482355898,120.69274338452244,Incorrect
117.29036905266543,128.27918302214803,125.79398813541131,139.02811567485014,Incorrect
120.21077060242273,126.65875071266089,138.16599982219734,127.49869664028107,Incorrect
114.32229869810905,125.46690243071376,135.9209210382931,135.35592801892372,Incorrect
112.78618581154761,122.55054828688523,133.380972657903,137.21676092610744,Incorrect
113.04941820097736,110.02305448471681,125.95522429429502,125.56927740615173,Incorrect
128.97309985281143,114.21072205455829,129.61748771191716,131.5991413585941,Incorrect
114.81023015865105,110.602331065989,139.31084249350403,128.07834584393368,Incorrect
125.58185513034292,128.09509527547056,138.5310425856035,122.3717366037799,Incorrect
121.44972341855453,128.345549877765,132.95518063950456,121.54743230759031,Incorrect
121.77051640679045,120.69536795678309,122.33336341967066,120.88087938255762,Incorrect
128.3924497863717,115.28444083627659,122.8199878166873,129.05141344212024,Incorrect
129.56892224829366,126.27093967791427,126.21505691387107,122.09269697823761,Incorrect
125.53361334028239,127.68501458929398,136.97834798367194,139.17068273193553,Incorrect
121.07606764889294,120.58732343042163,128.06215856773673,120.0180375935715,Incorrect
128.1283413718839,128.40625058632193,137.1891051665865,125.45721687466994,Incorrect
112.09752420045686,116.50128174132934,136.89073480677436,129.5822290159009,Incorrect
118.09131051374372,125.32994519382306,132.21370194163515,122.20626296434016,Incorrect
128.1762086461827,126.54413277579832,130.15708157058535,138.40923478384244,Incorrect
125.67055460157604,117.96881487621758,139.55001033564977,122.83503978345412,Incorrect
123.30203205733964,114.67267737710955,136.48409235894243,135.5552164952605,Incorrect
120.73055725276316,116.01816680144445,138.7542501688517,130.94176601862324,Incorrect
124.62451779849688,122.92212004242914,138.87808039144105,131.93253759605912,Incorrect
111.83365790052163,124.39408480446195,134.93470889967807,126.04262758574362,Incorrect
121.23235622272774,124.87592779166148,122.88664827537595,137.05017292277904,Incorrect
119.64904792753474,124.06982232899338,135.3234610529895,127.09136821107104,Incorrect
127.69559361738604,111.5245556417485,132.76349792982376,124.55554726394244,Incorrect
122.73650324129936,128.24424902340914,127.43027041457351,122.77159695033097,Incorrect
125.32320432286711,121.53254101015301,126.65411101512888,137.09149472901854,Incorrect
119.6755796578618,115.09224834078024,132.55638225304747,130.8784491984367,Incorrect
125.28072190357983,118.84525987232193,126.95885626030784,133.7232734232756,Incorrect
128.81933081083963,125.57739016369418,126.86586050281562,120.63595437086244,Incorrect
124.68918780467266,124.24149632017003,132.6411971079862,120.85288357144339,Incorrect
111.97229895280269,125.07347215028095,124.96108922940527,127.1645494325783,Incorrect
121.6312729335263,125.91243600968019,124.1088410550881,139.65007819809355,Incorrect
117.7183893482414,121.85554308398079,132.4022680366367,128.03214164398815,Incorrect
114.49912115989513,117.639927417348,137.43723874502388,134.30231953936902,Incorrect
119.69538450906305,120.54311288731617,127.49569637172674,125.79127384666549,Incorrect
119.29724036340284,111.34125329889787,134.29427007890854,121.9344407589877,Incorrect
123.91655025462616,128.0431970147366,121.03755934837741,121.26593056135714,Incorrect
128.00940983813578,125.52870719415148,132.91032436855386,125.9009789846259,Incorrect
126.54268446571635,118.7998989970119,138.98393527022307,139.05467131604388,Incorrect
127.16669349060038,123.3797464766407,138.33986754852913,120.9173440259384,Incorrect
113.03615350358749,115.99028182225166,129.3796632733995,137.11529376254447,Incorrect
110.07062006278922,126.46428212913406,128.71401803699445,123.07033505571482,Incorrect
124.64471669233565,121.49617734527513,125.57595484788119,132.23756844808742,Incorrect
112.19853770168162,115.11766968002975,137.04971289633067,134.91364686310146,Incorrect
110.10896267722973,118.41100291029956,138.76625050459484,132.87327768803058,Incorrect
119.01474380555695,127.10826150620855,135.26928336110123,122.59701681590667,Incorrect
116.77754331905147,114.10434544127573,130.77159330932835,135.6053703281576,Incorrect
129.0808797449209,115.70310731288956,132.30170248645823,121.09019454274781,Incorrect
129.8363169972202,111.70540241784168,127.58826036673837,139.2740801868052,Incorrect
110.26424986705395,117.18364259995269,139.97422421398971,130.79248787084788,Incorrect
128.1405035320078,119.57293212596824,134.45954882414117,120.52472621348734,Incorrect
115.8606627227531,128.28865757624382,134.29989484813484,131.4250088451841,Incorrect
110.49759806368276,110.24943329556959,124.27111550153285,139.83243706737414,Incorrect
114.00133437976119,127.92457095286714,137.02694925285476,137.63731434777813,Incorrect
123.69697223011526,115.6882996729174,120.25363230920325,120.64784045223305,Incorrect
128.80452521272835,128.61964572816953,134.0932991427756,131.95396428506757,Incorrect
125.23738416332044,119.60234395347072,133.74163149021132,139.95353860139335,Incorrect
118.85055331700241,116.8975393596066,121.82938030818097,124.60789598165265,Incorrect
122.25426012318235,119.69768775311766,127.33577779320352,126.63690295977534,Incorrect
124.67218856619097,117.00224896404976,135.48388531659114,120.61635434821237,Incorrect
121.03866153356576,126.16998166442899,128.16401382807152,136.2552811389591,Incorrect
124.15179266640283,115.09128847475782,130.40178490704002,126.74516777227554,Incorrect
126.90078441181898,120.94733490983062,129.88301145952994,126.04951674950502,Incorrect
121.31676389654702,114.8265279253702,132.46517192508952,132.45626184734385,Incorrect
127.12247842753719,110.14144847175257,132.53009446033303,139.46386554020322,Incorrect
122.89801535311265,128.0564400572161,130.16827442502193,133.74013877407327,Incorrect
124.31885128808179,117.95145191100244,133.48772123072266,135.61299127662937,Incorrect
123.18828639945902,110.90127865560608,123.24594686472118,133.1770084573363,Incorrect
113.51790333352533,129.92261107540605,129.3697832631159,126.9664087799105,Incorrect
116.47864143962637,127.884692290386,130.8119802132108,138.4603536722523,Incorrect
128.504657025568,121.81103688972935,121.48583994409509,127.36313891452083,Incorrect
125.79802408484832,113.39318315807904,133.10858132545422,131.24546150770664,Incorrect
111.1261063704867,114.40615879096516,139.03565758256713,122.49953338400658,Incorrect
123.88612792240878,125.85999680500181,128.25591186470567,123.76977038025039,Incorrect
120.91804104722355,125.1078692128543,139.6525346142779,136.01368761746392,Incorrect
117.23549485708284,114.9727344207594,134.4792102676793,129.28957016235577,Incorrect
115.04888630535112,121.65962472423388,138.66078407859354,129.34069809846565,Incorrect
123.290266190323,129.6573872711225,122.65059159303144,139.83323376985157,Incorrect
119.5665273572314,118.57151174057257,124.18036182671165,121.3869698374297,Incorrect
125.25228907374165,129.538626913313,137.93160460328403,126.90411092802358,Incorrect
